file,relative_path,status,error,midi_type,ticks_per_beat,tempo_change_count,note_count,unique_onset_count,ioi_count,cc64_event_count,cc64_channel_distribution,cc64_track_distribution,note_channel_distribution,channel_conflict_count,track_conflict_count,drum_note_count,cc64_events_before_first_onset,cc64_events_at_or_after_last_onset,long_ioi_count_gt_5s,max_ioi_duration_sec,baseline_64_up_count,baseline_64_down_count,baseline_64_transition_count,baseline_64_main_ioi_up_count,baseline_64_main_ioi_down_count,baseline_64_main_ioi_transition_count,baseline_64_transitions_before_first_onset,baseline_64_transitions_at_or_after_last_onset,baseline_64_two_slot_coverage,baseline_64_rapid_reversal_25ms,baseline_64_near_threshold_rapid_25ms,baseline_64_rapid_reversal_50ms,baseline_64_near_threshold_rapid_50ms,baseline_64_rapid_reversal_100ms,baseline_64_near_threshold_rapid_100ms,baseline_64_rapid_reversal_200ms,baseline_64_near_threshold_rapid_200ms,narrow_68_60_up_count,narrow_68_60_down_count,narrow_68_60_transition_count,narrow_68_60_main_ioi_up_count,narrow_68_60_main_ioi_down_count,narrow_68_60_main_ioi_transition_count,narrow_68_60_transitions_before_first_onset,narrow_68_60_transitions_at_or_after_last_onset,narrow_68_60_two_slot_coverage,narrow_68_60_rapid_reversal_25ms,narrow_68_60_near_threshold_rapid_25ms,narrow_68_60_rapid_reversal_50ms,narrow_68_60_near_threshold_rapid_50ms,narrow_68_60_rapid_reversal_100ms,narrow_68_60_near_threshold_rapid_100ms,narrow_68_60_rapid_reversal_200ms,narrow_68_60_near_threshold_rapid_200ms,wide_72_56_up_count,wide_72_56_down_count,wide_72_56_transition_count,wide_72_56_main_ioi_up_count,wide_72_56_main_ioi_down_count,wide_72_56_main_ioi_transition_count,wide_72_56_transitions_before_first_onset,wide_72_56_transitions_at_or_after_last_onset,wide_72_56_two_slot_coverage,wide_72_56_rapid_reversal_25ms,wide_72_56_near_threshold_rapid_25ms,wide_72_56_rapid_reversal_50ms,wide_72_56_near_threshold_rapid_50ms,wide_72_56_rapid_reversal_100ms,wide_72_56_near_threshold_rapid_100ms,wide_72_56_rapid_reversal_200ms,wide_72_56_near_threshold_rapid_200ms,transition_count_0_iois,transition_count_1_iois,transition_count_2_iois,transition_count_3_iois,transition_count_4plus_iois,overflow_ioi_count,overflow_ioi_ratio,same_timestamp_opposite_transition_count,continuously_off_ioi_count,continuously_on_ioi_count,partially_on_ioi_count,ever_on_ioi_count,baseline_rapid_rate_per_1000_iois,baseline_near_threshold_rapid_rate_per_1000_iois,baseline_transition_rate_per_1000_iois,warnings,near_threshold_rate_empirical_p95,transition_rate_empirical_p95,high_near_threshold_crossing_rate,high_transition_rate
0-0.mid,third_party/PianistTransformer/data/midis/testset/human/0-0.mid,analyzed,,1,480,1,739,706,705,34,"{""0"": 34}","{""1"": 34}","{""0"": 739}",0,0,0,2,32,0,0.7614583333333333,1,1,2,0,0,0,0,2,1.0,0,0,0,0,0,0,0,0,1,1,2,0,0,0,0,2,1.0,0,0,0,0,0,0,0,0,1,1,2,0,0,0,0,2,1.0,0,0,0,0,0,0,0,0,705,0,0,0,0,0,0.0,0,705,0,0,0,0.0,0.0,2.8368794326241136,cc64_before_first_onset|cc64_at_or_after_last_onset,15.301181483633547,291.93373852610824,False,False
0-1.mid,third_party/PianistTransformer/data/midis/testset/human/0-1.mid,analyzed,,1,480,1,738,709,708,254,"{""0"": 254}","{""1"": 254}","{""0"": 738}",0,0,0,0,84,0,0.6635416666666666,2,2,4,1,1,2,0,2,1.0,0,0,0,0,0,0,0,0,2,2,4,1,1,2,0,2,1.0,0,0,0,0,0,0,0,0,2,2,4,1,1,2,0,2,1.0,0,0,0,0,0,0,0,0,707,0,1,0,0,0,0.0,0,707,0,1,1,0.0,0.0,5.649717514124294,cc64_at_or_after_last_onset,15.301181483633547,291.93373852610824,False,False
0-2.mid,third_party/PianistTransformer/data/midis/testset/human/0-2.mid,analyzed,,1,384,1,734,721,720,135,"{""0"": 135}","{""1"": 135}","{""0"": 734}",0,0,0,0,21,0,0.7096354166666666,9,9,18,8,8,16,0,2,1.0,0,0,0,0,1,1,2,1,9,9,18,8,8,16,0,2,1.0,0,0,0,0,1,1,2,1,8,8,16,7,7,14,0,2,1.0,0,0,0,0,0,0,1,0,705,14,1,0,0,0,0.0,0,690,15,15,30,2.7777777777777777,1.3888888888888888,25.0,cc64_at_or_after_last_onset,15.301181483633547,291.93373852610824,False,False
0-3.mid,third_party/PianistTransformer/data/midis/testset/human/0-3.mid,analyzed,,1,384,1,738,721,720,86,"{""0"": 86}","{""1"": 86}","{""0"": 738}",0,0,0,10,0,0,0.6263020833333333,5,5,10,5,5,10,0,0,1.0,0,0,0,0,1,1,1,1,4,4,8,4,4,8,0,0,1.0,0,0,0,0,0,0,0,0,4,4,8,4,4,8,0,0,1.0,0,0,0,0,0,0,0,0,711,8,1,0,0,0,0.0,0,701,11,8,19,1.3888888888888888,1.3888888888888888,13.88888888888889,cc64_before_first_onset,15.301181483633547,291.93373852610824,False,False
0-4.mid,third_party/PianistTransformer/data/midis/testset/human/0-4.mid,analyzed,,1,480,1,736,718,717,17,"{""0"": 17}","{""1"": 17}","{""0"": 736}",0,0,0,0,0,0,0.7052083333333334,1,1,2,1,1,2,0,0,1.0,0,0,0,0,0,0,0,0,1,1,2,1,1,2,0,0,1.0,0,0,0,0,0,0,0,0,1,1,2,1,1,2,0,0,1.0,0,0,0,0,0,0,0,0,715,2,0,0,0,0,0.0,0,712,3,2,5,0.0,0.0,2.789400278940028,,15.301181483633547,291.93373852610824,False,False
1-0.mid,third_party/PianistTransformer/data/midis/testset/human/1-0.mid,analyzed,,1,480,1,1188,1104,1103,756,"{""0"": 756}","{""1"": 756}","{""0"": 1188}",0,0,0,0,49,0,1.2135416666666667,11,11,22,10,10,20,0,2,1.0,0,0,1,1,1,1,6,5,5,5,10,5,5,10,0,0,1.0,0,0,0,0,0,0,0,0,3,3,6,3,3,6,0,0,1.0,0,0,0,0,0,0,0,0,1086,14,3,0,0,0,0.0,0,1083,3,17,20,5.439709882139619,4.533091568449683,19.945602901178603,cc64_at_or_after_last_onset,15.301181483633547,291.93373852610824,False,False
1-1.mid,third_party/PianistTransformer/data/midis/testset/human/1-1.mid,analyzed,,1,480,1,1188,1104,1103,756,"{""0"": 756}","{""1"": 756}","{""0"": 1188}",0,0,0,0,49,0,1.2135416666666667,11,11,22,10,10,20,0,2,1.0,0,0,1,1,1,1,6,5,5,5,10,5,5,10,0,0,1.0,0,0,0,0,0,0,0,0,3,3,6,3,3,6,0,0,1.0,0,0,0,0,0,0,0,0,1086,14,3,0,0,0,0.0,0,1083,3,17,20,5.439709882139619,4.533091568449683,19.945602901178603,cc64_at_or_after_last_onset,15.301181483633547,291.93373852610824,False,False
2-0.mid,third_party/PianistTransformer/data/midis/testset/human/2-0.mid,analyzed,,0,384,1,1221,1214,1213,4612,"{""0"": 4612}","{""0"": 4612}","{""0"": 1221}",0,0,0,0,51,0,1.9658099999999763,278,278,556,277,277,554,0,2,0.9958779884583677,0,0,0,0,2,2,52,5,271,271,542,270,270,540,0,2,0.9958779884583677,0,0,0,0,1,0,24,1,264,264,528,263,263,526,0,2,0.9975267930750206,0,0,0,0,0,0,22,0,770,337,101,5,0,5,0.004122011541632316,0,267,511,435,946,42.86892003297609,4.122011541632316,458.3676834295136,cc64_at_or_after_last_onset,15.301181483633547,291.93373852610824,False,True
2-1.mid,third_party/PianistTransformer/data/midis/testset/human/2-1.mid,analyzed,,0,480,1,1196,1140,1139,5070,"{""0"": 5070}","{""0"": 5070}","{""0"": 1196}",0,0,0,8,67,0,2.28125,266,266,532,265,265,530,1,1,1.0,0,0,0,0,5,1,90,6,258,258,516,257,257,514,1,1,1.0,0,0,0,0,1,0,70,1,253,253,506,252,252,504,1,1,1.0,0,0,0,0,0,0,66,0,740,268,131,0,0,0,0.0,0,194,552,393,945,79.01668129938543,5.267778753292362,467.07638279192275,cc64_before_first_onset|cc64_at_or_after_last_onset,15.301181483633547,291.93373852610824,False,True
2-2.mid,third_party/PianistTransformer/data/midis/testset/human/2-2.mid,analyzed,,0,384,1,1171,1161,1160,5203,"{""0"": 5203}","{""0"": 5203}","{""0"": 1171}",0,0,0,8,98,0,2.216878124999994,142,142,284,141,140,281,1,2,1.0,1,1,1,1,6,5,44,25,96,96,192,95,94,189,1,2,1.0,0,0,0,0,3,0,22,2,71,71,142,70,69,139,1,2,1.0,0,0,0,0,4,1,17,1,928,183,49,0,0,0,0.0,0,712,218,230,448,37.93103448275862,21.551724137931036,244.82758620689654,cc64_before_first_onset|cc64_at_or_after_last_onset,15.301181483633547,291.93373852610824,True,False
3-0.mid,third_party/PianistTransformer/data/midis/testset/human/3-0.mid,analyzed,,0,480,1,510,504,503,2819,"{""0"": 2819}","{""0"": 2819}","{""0"": 510}",0,0,0,8,185,0,1.3034200416666692,97,97,194,95,95,190,1,3,1.0,0,0,1,1,1,1,11,2,96,96,192,94,94,188,1,3,1.0,0,0,0,0,1,1,5,2,91,91,182,89,89,178,1,3,1.0,0,0,0,0,0,0,2,0,361,94,48,0,0,0,0.0,0,181,181,141,322,21.868787276341948,3.9761431411530817,385.6858846918489,cc64_before_first_onset|cc64_at_or_after_last_onset,15.301181483633547,291.93373852610824,False,True
3-1.mid,third_party/PianistTransformer/data/midis/testset/human/3-1.mid,excluded_no_cc64,,1,384,1,524,510,509,0,{},{},"{""0"": 524}",0,0,0,,,,,,,,,,,,,,,,,,,,,,,,,,,,,,,,,,,,,,,,,,,,,,,,,,,,,,,,,,,,,,,,,,,,,,,,,,,
3-2.mid,third_party/PianistTransformer/data/midis/testset/human/3-2.mid,analyzed,,1,384,1,517,514,513,2901,"{""0"": 2901}","{""1"": 2901}","{""0"": 517}",0,0,0,1,48,0,1.4518229166666572,137,137,274,136,137,273,0,1,1.0,0,0,0,0,1,0,24,0,137,137,274,136,137,273,0,1,1.0,0,0,0,0,0,0,9,0,136,136,272,135,136,271,0,1,1.0,0,0,0,0,0,0,1,0,308,137,68,0,0,0,0.0,0,73,236,204,440,46.78362573099415,0.0,534.1130604288498,cc64_before_first_onset|cc64_at_or_after_last_onset,15.301181483633547,291.93373852610824,False,True
3-3.mid,third_party/PianistTransformer/data/midis/testset/human/3-3.mid,analyzed,,1,480,1,516,499,498,3503,"{""0"": 3503}","{""1"": 3503}","{""0"": 516}",0,0,0,1,70,0,1.4979166666666686,159,159,318,157,157,314,1,3,1.0,0,0,0,0,1,0,40,0,158,159,317,157,157,314,1,2,1.0,0,0,0,0,0,0,22,0,158,159,317,157,157,314,1,2,1.0,0,0,0,0,0,0,16,0,308,66,124,0,0,0,0.0,0,16,294,188,482,80.32128514056225,0.0,638.5542168674699,cc64_before_first_onset|cc64_at_or_after_last_onset,15.301181483633547,291.93373852610824,False,True
3-4.mid,third_party/PianistTransformer/data/midis/testset/human/3-4.mid,analyzed,,0,480,1,523,520,519,2816,"{""0"": 2816}","{""0"": 2816}","{""0"": 523}",0,0,0,0,3,0,1.0673087062499746,166,166,332,166,166,332,0,0,1.0,0,0,0,0,0,0,3,0,166,166,332,166,166,332,0,0,1.0,0,0,0,0,0,0,0,0,166,166,332,166,166,332,0,0,1.0,0,0,0,0,0,0,1,0,265,176,78,0,0,0,0.0,0,34,232,253,485,5.780346820809249,0.0,639.6917148362235,cc64_at_or_after_last_onset,15.301181483633547,291.93373852610824,False,True
3-5.mid,third_party/PianistTransformer/data/midis/testset/human/3-5.mid,analyzed,,0,480,1,525,525,524,2624,"{""0"": 2624}","{""0"": 2624}","{""0"": 525}",0,0,0,2,38,0,1.1677361520833358,167,167,334,165,166,331,0,3,1.0,0,0,0,0,0,0,101,0,167,167,334,165,166,331,0,3,1.0,0,0,0,0,0,0,96,0,167,167,334,165,166,331,0,3,1.0,0,0,0,0,0,0,80,0,305,107,112,0,0,0,0.0,0,4,302,218,520,192.74809160305344,0.0,637.4045801526718,cc64_before_first_onset|cc64_at_or_after_last_onset,15.301181483633547,291.93373852610824,False,True
4-0.mid,third_party/PianistTransformer/data/midis/testset/human/4-0.mid,analyzed,,0,384,1,1692,1619,1618,810,"{""0"": 810}","{""0"": 810}","{""0"": 1692}",0,0,0,0,22,0,2.443907812500001,28,28,56,27,27,54,0,2,0.9993819530284301,0,0,0,0,5,2,15,2,26,26,52,25,25,50,0,2,0.9993819530284301,0,0,0,0,3,0,13,1,25,25,50,24,24,48,0,2,0.9993819530284301,0,0,0,0,2,0,11,0,1576,31,10,1,0,1,0.0006180469715698393,0,1543,33,42,75,9.27070457354759,1.2360939431396787,34.610630407911,cc64_at_or_after_last_onset,15.301181483633547,291.93373852610824,False,False
5-0.mid,third_party/PianistTransformer/data/midis/testset/human/5-0.mid,analyzed,,0,384,1,3069,2945,2944,2408,"{""0"": 2408}","{""0"": 2408}","{""0"": 3069}",0,0,0,0,0,0,2.4732881250000105,102,102,204,102,102,204,0,0,0.998641304347826,0,0,2,2,6,6,55,19,88,88,176,88,88,176,0,0,0.998641304347826,0,0,0,0,1,1,45,7,76,76,152,76,76,152,0,0,0.998641304347826,0,0,0,0,1,0,43,0,2773,142,25,4,0,4,0.001358695652173913,0,2466,308,170,478,18.682065217391305,6.453804347826087,69.29347826086956,,15.301181483633547,291.93373852610824,False,False
5-1.mid,third_party/PianistTransformer/data/midis/testset/human/5-1.mid,analyzed,,1,480,1,3062,3002,3001,2168,"{""0"": 2168}","{""1"": 2168}","{""0"": 3062}",0,0,0,0,8,0,2.1794807500000104,152,152,304,152,152,304,0,0,0.9996667777407531,0,0,0,0,4,3,78,3,151,151,302,151,151,302,0,0,0.9996667777407531,0,0,0,0,5,1,75,1,149,149,298,149,149,298,0,0,0.9996667777407531,0,0,0,0,6,0,75,0,2736,227,37,1,0,1,0.0003332222592469177,0,2301,441,259,700,25.99133622125958,0.9996667777407531,101.29956681106297,cc64_at_or_after_last_onset,15.301181483633547,291.93373852610824,False,False
5-2.mid,third_party/PianistTransformer/data/midis/testset/human/5-2.mid,analyzed,,0,384,1,3050,2953,2952,4284,"{""0"": 4284}","{""0"": 4284}","{""0"": 3050}",0,0,0,0,0,0,2.77643953125002,181,181,362,181,181,362,0,0,0.9989837398373984,1,1,17,14,52,28,120,39,164,164,328,164,164,328,0,0,0.9996612466124661,1,1,4,3,35,18,99,24,123,123,246,123,123,246,0,0,0.9996612466124661,0,0,2,0,15,1,64,2,2640,265,44,3,0,3,0.0010162601626016261,0,1628,1018,306,1324,40.65040650406504,13.211382113821138,122.62872628726288,,15.301181483633547,291.93373852610824,False,False
6-0.mid,third_party/PianistTransformer/data/midis/testset/human/6-0.mid,analyzed,,1,384,1,5531,5283,5282,5818,"{""0"": 5818}","{""1"": 5818}","{""0"": 5531}",0,0,0,1,19,0,3.3645833333333712,345,346,691,345,345,690,1,0,0.9977281332828474,5,2,7,2,48,10,184,19,325,326,651,325,325,650,1,0,0.9975388110564181,1,0,4,0,34,1,158,5,314,315,629,314,314,628,1,0,0.9975388110564181,1,0,2,0,31,0,151,0,4746,394,130,12,0,12,0.002271866717152594,0,3489,1267,526,1793,34.835289663006435,3.597122302158273,130.8216584627035,cc64_before_first_onset|cc64_at_or_after_last_onset,15.301181483633547,291.93373852610824,False,False
6-1.mid,third_party/PianistTransformer/data/midis/testset/human/6-1.mid,analyzed,,0,480,1,4122,4017,4016,3251,"{""0"": 3251}","{""0"": 3251}","{""0"": 4122}",0,0,0,8,43,0,4.711533750000001,300,300,600,299,299,598,1,1,0.9962649402390438,2,1,5,2,61,2,170,2,299,299,598,298,298,596,1,1,0.9962649402390438,2,2,4,2,61,2,170,2,297,297,594,296,296,592,1,1,0.9962649402390438,0,0,1,0,56,0,169,0,3540,378,83,6,9,15,0.0037350597609561755,0,1425,2120,471,2591,42.330677290836654,0.49800796812749004,149.402390438247,cc64_before_first_onset|cc64_at_or_after_last_onset,15.301181483633547,291.93373852610824,False,False
6-2.mid,third_party/PianistTransformer/data/midis/testset/human/6-2.mid,analyzed,,0,480,1,4122,4017,4016,3251,"{""0"": 3251}","{""0"": 3251}","{""0"": 4122}",0,0,0,8,43,0,4.711533750000001,300,300,600,299,299,598,1,1,0.9962649402390438,2,1,5,2,61,2,170,2,299,299,598,298,298,596,1,1,0.9962649402390438,2,2,4,2,61,2,170,2,297,297,594,296,296,592,1,1,0.9962649402390438,0,0,1,0,56,0,169,0,3540,378,83,6,9,15,0.0037350597609561755,0,1425,2120,471,2591,42.330677290836654,0.49800796812749004,149.402390438247,cc64_before_first_onset|cc64_at_or_after_last_onset,15.301181483633547,291.93373852610824,False,False
6-3.mid,third_party/PianistTransformer/data/midis/testset/human/6-3.mid,analyzed,,0,480,1,4122,4017,4016,3251,"{""0"": 3251}","{""0"": 3251}","{""0"": 4122}",0,0,0,8,43,0,4.711533750000001,300,300,600,299,299,598,1,1,0.9962649402390438,2,1,5,2,61,2,170,2,299,299,598,298,298,596,1,1,0.9962649402390438,2,2,4,2,61,2,170,2,297,297,594,296,296,592,1,1,0.9962649402390438,0,0,1,0,56,0,169,0,3540,378,83,6,9,15,0.0037350597609561755,0,1425,2120,471,2591,42.330677290836654,0.49800796812749004,149.402390438247,cc64_before_first_onset|cc64_at_or_after_last_onset,15.301181483633547,291.93373852610824,False,False
6-4.mid,third_party/PianistTransformer/data/midis/testset/human/6-4.mid,analyzed,,0,480,1,4122,4017,4016,3251,"{""0"": 3251}","{""0"": 3251}","{""0"": 4122}",0,0,0,8,43,0,4.711533750000001,300,300,600,299,299,598,1,1,0.9962649402390438,2,1,5,2,61,2,170,2,299,299,598,298,298,596,1,1,0.9962649402390438,2,2,4,2,61,2,170,2,297,297,594,296,296,592,1,1,0.9962649402390438,0,0,1,0,56,0,169,0,3540,378,83,6,9,15,0.0037350597609561755,0,1425,2120,471,2591,42.330677290836654,0.49800796812749004,149.402390438247,cc64_before_first_onset|cc64_at_or_after_last_onset,15.301181483633547,291.93373852610824,False,False
6-5.mid,third_party/PianistTransformer/data/midis/testset/human/6-5.mid,analyzed,,0,384,1,4114,3981,3980,4272,"{""0"": 4272}","{""0"": 4272}","{""0"": 4114}",0,0,0,8,179,0,3.6137784375000024,292,292,584,290,290,580,1,3,0.9962311557788944,0,0,2,1,45,3,176,3,291,291,582,289,289,578,1,3,0.9964824120603015,0,0,1,1,43,1,172,2,290,290,580,289,289,578,1,1,0.9967336683417085,0,0,0,0,35,0,170,0,3514,377,74,5,10,15,0.0037688442211055275,0,1758,1766,456,2222,44.221105527638194,0.7537688442211056,146.73366834170855,cc64_before_first_onset|cc64_at_or_after_last_onset,15.301181483633547,291.93373852610824,False,False
6-6.mid,third_party/PianistTransformer/data/midis/testset/human/6-6.mid,analyzed,,0,384,1,4114,3981,3980,4272,"{""0"": 4272}","{""0"": 4272}","{""0"": 4114}",0,0,0,8,179,0,3.6137784375000024,292,292,584,290,290,580,1,3,0.9962311557788944,0,0,2,1,45,3,176,3,291,291,582,289,289,578,1,3,0.9964824120603015,0,0,1,1,43,1,172,2,290,290,580,289,289,578,1,1,0.9967336683417085,0,0,0,0,35,0,170,0,3514,377,74,5,10,15,0.0037688442211055275,0,1758,1766,456,2222,44.221105527638194,0.7537688442211056,146.73366834170855,cc64_before_first_onset|cc64_at_or_after_last_onset,15.301181483633547,291.93373852610824,False,False
6-7.mid,third_party/PianistTransformer/data/midis/testset/human/6-7.mid,analyzed,,0,384,1,4114,3981,3980,4272,"{""0"": 4272}","{""0"": 4272}","{""0"": 4114}",0,0,0,8,179,0,3.6137784375000024,292,292,584,290,290,580,1,3,0.9962311557788944,0,0,2,1,45,3,176,3,291,291,582,289,289,578,1,3,0.9964824120603015,0,0,1,1,43,1,172,2,290,290,580,289,289,578,1,1,0.9967336683417085,0,0,0,0,35,0,170,0,3514,377,74,5,10,15,0.0037688442211055275,0,1758,1766,456,2222,44.221105527638194,0.7537688442211056,146.73366834170855,cc64_before_first_onset|cc64_at_or_after_last_onset,15.301181483633547,291.93373852610824,False,False
6-8.mid,third_party/PianistTransformer/data/midis/testset/human/6-8.mid,analyzed,,0,384,1,4114,3981,3980,4272,"{""0"": 4272}","{""0"": 4272}","{""0"": 4114}",0,0,0,8,179,0,3.6137784375000024,292,292,584,290,290,580,1,3,0.9962311557788944,0,0,2,1,45,3,176,3,291,291,582,289,289,578,1,3,0.9964824120603015,0,0,1,1,43,1,172,2,290,290,580,289,289,578,1,1,0.9967336683417085,0,0,0,0,35,0,170,0,3514,377,74,5,10,15,0.0037688442211055275,0,1758,1766,456,2222,44.221105527638194,0.7537688442211056,146.73366834170855,cc64_before_first_onset|cc64_at_or_after_last_onset,15.301181483633547,291.93373852610824,False,False
6-9.mid,third_party/PianistTransformer/data/midis/testset/human/6-9.mid,analyzed,,0,384,1,4114,3981,3980,4272,"{""0"": 4272}","{""0"": 4272}","{""0"": 4114}",0,0,0,8,179,0,3.6137784375000024,292,292,584,290,290,580,1,3,0.9962311557788944,0,0,2,1,45,3,176,3,291,291,582,289,289,578,1,3,0.9964824120603015,0,0,1,1,43,1,172,2,290,290,580,289,289,578,1,1,0.9967336683417085,0,0,0,0,35,0,170,0,3514,377,74,5,10,15,0.0037688442211055275,0,1758,1766,456,2222,44.221105527638194,0.7537688442211056,146.73366834170855,cc64_before_first_onset|cc64_at_or_after_last_onset,15.301181483633547,291.93373852610824,False,False
6-10.mid,third_party/PianistTransformer/data/midis/testset/human/6-10.mid,analyzed,,1,384,1,5311,5164,5163,10508,"{""0"": 10508}","{""1"": 10508}","{""0"": 5311}",0,0,0,21,22,0,3.4010416666666856,330,330,660,329,329,658,1,1,0.9980631415843502,4,4,18,18,80,48,213,79,276,276,552,275,275,550,1,1,0.9984505132674801,0,0,1,1,41,8,139,26,234,235,469,234,234,468,1,0,0.9986441991090451,0,0,0,0,27,0,98,0,4620,442,91,6,4,10,0.001936858415649816,0,3110,1517,536,2053,41.25508425334108,15.301181483633547,127.83265543288786,cc64_before_first_onset|cc64_at_or_after_last_onset,15.301181483633547,291.93373852610824,True,False
6-11.mid,third_party/PianistTransformer/data/midis/testset/human/6-11.mid,analyzed,,1,384,1,5311,5164,5163,10508,"{""0"": 10508}","{""1"": 10508}","{""0"": 5311}",0,0,0,21,22,0,3.4010416666666856,330,330,660,329,329,658,1,1,0.9980631415843502,4,4,18,18,80,48,213,79,276,276,552,275,275,550,1,1,0.9984505132674801,0,0,1,1,41,8,139,26,234,235,469,234,234,468,1,0,0.9986441991090451,0,0,0,0,27,0,98,0,4620,442,91,6,4,10,0.001936858415649816,0,3110,1517,536,2053,41.25508425334108,15.301181483633547,127.83265543288786,cc64_before_first_onset|cc64_at_or_after_last_onset,15.301181483633547,291.93373852610824,True,False
6-12.mid,third_party/PianistTransformer/data/midis/testset/human/6-12.mid,analyzed,,1,384,1,5311,5164,5163,10508,"{""0"": 10508}","{""1"": 10508}","{""0"": 5311}",0,0,0,21,22,0,3.4010416666666856,330,330,660,329,329,658,1,1,0.9980631415843502,4,4,18,18,80,48,213,79,276,276,552,275,275,550,1,1,0.9984505132674801,0,0,1,1,41,8,139,26,234,235,469,234,234,468,1,0,0.9986441991090451,0,0,0,0,27,0,98,0,4620,442,91,6,4,10,0.001936858415649816,0,3110,1517,536,2053,41.25508425334108,15.301181483633547,127.83265543288786,cc64_before_first_onset|cc64_at_or_after_last_onset,15.301181483633547,291.93373852610824,True,False
6-13.mid,third_party/PianistTransformer/data/midis/testset/human/6-13.mid,analyzed,,1,384,1,5311,5164,5163,10508,"{""0"": 10508}","{""1"": 10508}","{""0"": 5311}",0,0,0,21,22,0,3.4010416666666856,330,330,660,329,329,658,1,1,0.9980631415843502,4,4,18,18,80,48,213,79,276,276,552,275,275,550,1,1,0.9984505132674801,0,0,1,1,41,8,139,26,234,235,469,234,234,468,1,0,0.9986441991090451,0,0,0,0,27,0,98,0,4620,442,91,6,4,10,0.001936858415649816,0,3110,1517,536,2053,41.25508425334108,15.301181483633547,127.83265543288786,cc64_before_first_onset|cc64_at_or_after_last_onset,15.301181483633547,291.93373852610824,True,False
6-14.mid,third_party/PianistTransformer/data/midis/testset/human/6-14.mid,analyzed,,1,384,1,5311,5164,5163,10508,"{""0"": 10508}","{""1"": 10508}","{""0"": 5311}",0,0,0,21,22,0,3.4010416666666856,330,330,660,329,329,658,1,1,0.9980631415843502,4,4,18,18,80,48,213,79,276,276,552,275,275,550,1,1,0.9984505132674801,0,0,1,1,41,8,139,26,234,235,469,234,234,468,1,0,0.9986441991090451,0,0,0,0,27,0,98,0,4620,442,91,6,4,10,0.001936858415649816,0,3110,1517,536,2053,41.25508425334108,15.301181483633547,127.83265543288786,cc64_before_first_onset|cc64_at_or_after_last_onset,15.301181483633547,291.93373852610824,True,False
6-15.mid,third_party/PianistTransformer/data/midis/testset/human/6-15.mid,analyzed,,1,384,1,5311,5164,5163,10508,"{""0"": 10508}","{""1"": 10508}","{""0"": 5311}",0,0,0,21,22,0,3.4010416666666856,330,330,660,329,329,658,1,1,0.9980631415843502,4,4,18,18,80,48,213,79,276,276,552,275,275,550,1,1,0.9984505132674801,0,0,1,1,41,8,139,26,234,235,469,234,234,468,1,0,0.9986441991090451,0,0,0,0,27,0,98,0,4620,442,91,6,4,10,0.001936858415649816,0,3110,1517,536,2053,41.25508425334108,15.301181483633547,127.83265543288786,cc64_before_first_onset|cc64_at_or_after_last_onset,15.301181483633547,291.93373852610824,True,False
6-16.mid,third_party/PianistTransformer/data/midis/testset/human/6-16.mid,analyzed,,0,384,1,5477,5289,5288,7415,"{""0"": 7415}","{""0"": 7415}","{""0"": 5477}",0,0,0,8,105,0,3.4762251562499955,403,403,806,402,402,804,1,1,0.9979198184568835,2,1,3,1,45,5,172,6,396,396,792,395,395,790,1,1,0.9981089258698941,2,0,2,0,41,0,162,0,390,390,780,389,389,778,1,1,0.9981089258698941,1,0,2,0,33,0,158,0,4605,577,95,7,4,11,0.00208018154311649,0,2217,2411,660,3071,32.526475037821484,1.13464447806354,152.42057488653555,cc64_before_first_onset|cc64_at_or_after_last_onset,15.301181483633547,291.93373852610824,False,False
6-17.mid,third_party/PianistTransformer/data/midis/testset/human/6-17.mid,analyzed,,0,384,1,5477,5289,5288,7415,"{""0"": 7415}","{""0"": 7415}","{""0"": 5477}",0,0,0,8,105,0,3.4762251562499955,403,403,806,402,402,804,1,1,0.9979198184568835,2,1,3,1,45,5,172,6,396,396,792,395,395,790,1,1,0.9981089258698941,2,0,2,0,41,0,162,0,390,390,780,389,389,778,1,1,0.9981089258698941,1,0,2,0,33,0,158,0,4605,577,95,7,4,11,0.00208018154311649,0,2217,2411,660,3071,32.526475037821484,1.13464447806354,152.42057488653555,cc64_before_first_onset|cc64_at_or_after_last_onset,15.301181483633547,291.93373852610824,False,False
6-18.mid,third_party/PianistTransformer/data/midis/testset/human/6-18.mid,analyzed,,0,384,1,5477,5289,5288,7415,"{""0"": 7415}","{""0"": 7415}","{""0"": 5477}",0,0,0,8,105,0,3.4762251562499955,403,403,806,402,402,804,1,1,0.9979198184568835,2,1,3,1,45,5,172,6,396,396,792,395,395,790,1,1,0.9981089258698941,2,0,2,0,41,0,162,0,390,390,780,389,389,778,1,1,0.9981089258698941,1,0,2,0,33,0,158,0,4605,577,95,7,4,11,0.00208018154311649,0,2217,2411,660,3071,32.526475037821484,1.13464447806354,152.42057488653555,cc64_before_first_onset|cc64_at_or_after_last_onset,15.301181483633547,291.93373852610824,False,False
6-19.mid,third_party/PianistTransformer/data/midis/testset/human/6-19.mid,analyzed,,1,384,1,5443,5268,5267,3909,"{""0"": 3909}","{""1"": 3909}","{""0"": 5443}",0,0,0,12,34,0,3.565104166666657,343,344,687,343,343,686,1,0,0.9992405543952915,2,1,9,3,54,3,141,5,339,340,679,339,339,678,1,0,0.9992405543952915,1,1,3,1,50,1,133,1,336,337,673,336,336,672,1,0,0.9992405543952915,0,0,4,0,47,0,129,0,4698,456,109,4,0,4,0.0007594456047085627,0,2565,2146,556,2702,26.770457565976837,0.9493070058857034,130.43478260869566,cc64_before_first_onset|cc64_at_or_after_last_onset,15.301181483633547,291.93373852610824,False,False
6-20.mid,third_party/PianistTransformer/data/midis/testset/human/6-20.mid,analyzed,,1,384,1,5443,5268,5267,3909,"{""0"": 3909}","{""1"": 3909}","{""0"": 5443}",0,0,0,12,34,0,3.565104166666657,343,344,687,343,343,686,1,0,0.9992405543952915,2,1,9,3,54,3,141,5,339,340,679,339,339,678,1,0,0.9992405543952915,1,1,3,1,50,1,133,1,336,337,673,336,336,672,1,0,0.9992405543952915,0,0,4,0,47,0,129,0,4698,456,109,4,0,4,0.0007594456047085627,0,2565,2146,556,2702,26.770457565976837,0.9493070058857034,130.43478260869566,cc64_before_first_onset|cc64_at_or_after_last_onset,15.301181483633547,291.93373852610824,False,False
6-21.mid,third_party/PianistTransformer/data/midis/testset/human/6-21.mid,analyzed,,1,384,1,5443,5268,5267,3909,"{""0"": 3909}","{""1"": 3909}","{""0"": 5443}",0,0,0,12,34,0,3.565104166666657,343,344,687,343,343,686,1,0,0.9992405543952915,2,1,9,3,54,3,141,5,339,340,679,339,339,678,1,0,0.9992405543952915,1,1,3,1,50,1,133,1,336,337,673,336,336,672,1,0,0.9992405543952915,0,0,4,0,47,0,129,0,4698,456,109,4,0,4,0.0007594456047085627,0,2565,2146,556,2702,26.770457565976837,0.9493070058857034,130.43478260869566,cc64_before_first_onset|cc64_at_or_after_last_onset,15.301181483633547,291.93373852610824,False,False
6-22.mid,third_party/PianistTransformer/data/midis/testset/human/6-22.mid,analyzed,,1,384,1,5443,5268,5267,3909,"{""0"": 3909}","{""1"": 3909}","{""0"": 5443}",0,0,0,12,34,0,3.565104166666657,343,344,687,343,343,686,1,0,0.9992405543952915,2,1,9,3,54,3,141,5,339,340,679,339,339,678,1,0,0.9992405543952915,1,1,3,1,50,1,133,1,336,337,673,336,336,672,1,0,0.9992405543952915,0,0,4,0,47,0,129,0,4698,456,109,4,0,4,0.0007594456047085627,0,2565,2146,556,2702,26.770457565976837,0.9493070058857034,130.43478260869566,cc64_before_first_onset|cc64_at_or_after_last_onset,15.301181483633547,291.93373852610824,False,False
6-23.mid,third_party/PianistTransformer/data/midis/testset/human/6-23.mid,analyzed,,0,480,1,5790,5604,5603,6482,"{""0"": 6482}","{""0"": 6482}","{""0"": 5790}",0,0,0,8,38,1,5.095080375000009,436,436,872,435,435,870,1,1,0.997501338568624,8,6,29,16,105,30,275,40,413,413,826,412,412,824,1,1,0.9976798143851509,2,1,15,2,85,5,241,10,391,391,782,390,390,780,1,1,0.9980367660182046,0,0,10,0,70,0,220,0,4906,545,138,7,7,14,0.0024986614313760487,0,2062,2855,686,3541,49.08084954488667,7.139032661074425,155.63091201142245,cc64_before_first_onset|cc64_at_or_after_last_onset|ioi_longer_than_5_seconds,15.301181483633547,291.93373852610824,False,False
6-24.mid,third_party/PianistTransformer/data/midis/testset/human/6-24.mid,analyzed,,0,480,1,5790,5604,5603,6482,"{""0"": 6482}","{""0"": 6482}","{""0"": 5790}",0,0,0,8,38,1,5.095080375000009,436,436,872,435,435,870,1,1,0.997501338568624,8,6,29,16,105,30,275,40,413,413,826,412,412,824,1,1,0.9976798143851509,2,1,15,2,85,5,241,10,391,391,782,390,390,780,1,1,0.9980367660182046,0,0,10,0,70,0,220,0,4906,545,138,7,7,14,0.0024986614313760487,0,2062,2855,686,3541,49.08084954488667,7.139032661074425,155.63091201142245,cc64_before_first_onset|cc64_at_or_after_last_onset|ioi_longer_than_5_seconds,15.301181483633547,291.93373852610824,False,False
6-25.mid,third_party/PianistTransformer/data/midis/testset/human/6-25.mid,analyzed,,0,480,1,5790,5604,5603,6482,"{""0"": 6482}","{""0"": 6482}","{""0"": 5790}",0,0,0,8,38,1,5.095080375000009,436,436,872,435,435,870,1,1,0.997501338568624,8,6,29,16,105,30,275,40,413,413,826,412,412,824,1,1,0.9976798143851509,2,1,15,2,85,5,241,10,391,391,782,390,390,780,1,1,0.9980367660182046,0,0,10,0,70,0,220,0,4906,545,138,7,7,14,0.0024986614313760487,0,2062,2855,686,3541,49.08084954488667,7.139032661074425,155.63091201142245,cc64_before_first_onset|cc64_at_or_after_last_onset|ioi_longer_than_5_seconds,15.301181483633547,291.93373852610824,False,False
6-26.mid,third_party/PianistTransformer/data/midis/testset/human/6-26.mid,analyzed,,0,480,1,5790,5604,5603,6482,"{""0"": 6482}","{""0"": 6482}","{""0"": 5790}",0,0,0,8,38,1,5.095080375000009,436,436,872,435,435,870,1,1,0.997501338568624,8,6,29,16,105,30,275,40,413,413,826,412,412,824,1,1,0.9976798143851509,2,1,15,2,85,5,241,10,391,391,782,390,390,780,1,1,0.9980367660182046,0,0,10,0,70,0,220,0,4906,545,138,7,7,14,0.0024986614313760487,0,2062,2855,686,3541,49.08084954488667,7.139032661074425,155.63091201142245,cc64_before_first_onset|cc64_at_or_after_last_onset|ioi_longer_than_5_seconds,15.301181483633547,291.93373852610824,False,False
6-27.mid,third_party/PianistTransformer/data/midis/testset/human/6-27.mid,analyzed,,0,480,1,4153,4048,4047,4031,"{""0"": 4031}","{""0"": 4031}","{""0"": 4153}",0,0,0,8,29,0,3.342945375000056,368,368,736,367,368,735,0,1,0.9982703236965653,0,0,3,1,51,2,218,3,365,365,730,364,365,729,0,1,0.9982703236965653,0,0,0,0,47,1,216,1,363,363,726,362,363,725,0,1,0.9985174203113417,0,0,1,0,38,0,213,0,3439,488,113,7,0,7,0.001729676303434643,0,1818,1639,590,2229,53.86706202125031,0.7412898443291327,181.8631084754139,cc64_before_first_onset|cc64_at_or_after_last_onset,15.301181483633547,291.93373852610824,False,False
6-28.mid,third_party/PianistTransformer/data/midis/testset/human/6-28.mid,analyzed,,0,480,1,4153,4048,4047,4031,"{""0"": 4031}","{""0"": 4031}","{""0"": 4153}",0,0,0,8,29,0,3.342945375000056,368,368,736,367,368,735,0,1,0.9982703236965653,0,0,3,1,51,2,218,3,365,365,730,364,365,729,0,1,0.9982703236965653,0,0,0,0,47,1,216,1,363,363,726,362,363,725,0,1,0.9985174203113417,0,0,1,0,38,0,213,0,3439,488,113,7,0,7,0.001729676303434643,0,1818,1639,590,2229,53.86706202125031,0.7412898443291327,181.8631084754139,cc64_before_first_onset|cc64_at_or_after_last_onset,15.301181483633547,291.93373852610824,False,False
6-29.mid,third_party/PianistTransformer/data/midis/testset/human/6-29.mid,analyzed,,0,480,1,4153,4048,4047,4031,"{""0"": 4031}","{""0"": 4031}","{""0"": 4153}",0,0,0,8,29,0,3.342945375000056,368,368,736,367,368,735,0,1,0.9982703236965653,0,0,3,1,51,2,218,3,365,365,730,364,365,729,0,1,0.9982703236965653,0,0,0,0,47,1,216,1,363,363,726,362,363,725,0,1,0.9985174203113417,0,0,1,0,38,0,213,0,3439,488,113,7,0,7,0.001729676303434643,0,1818,1639,590,2229,53.86706202125031,0.7412898443291327,181.8631084754139,cc64_before_first_onset|cc64_at_or_after_last_onset,15.301181483633547,291.93373852610824,False,False
6-30.mid,third_party/PianistTransformer/data/midis/testset/human/6-30.mid,analyzed,,0,480,1,4153,4048,4047,4031,"{""0"": 4031}","{""0"": 4031}","{""0"": 4153}",0,0,0,8,29,0,3.342945375000056,368,368,736,367,368,735,0,1,0.9982703236965653,0,0,3,1,51,2,218,3,365,365,730,364,365,729,0,1,0.9982703236965653,0,0,0,0,47,1,216,1,363,363,726,362,363,725,0,1,0.9985174203113417,0,0,1,0,38,0,213,0,3439,488,113,7,0,7,0.001729676303434643,0,1818,1639,590,2229,53.86706202125031,0.7412898443291327,181.8631084754139,cc64_before_first_onset|cc64_at_or_after_last_onset,15.301181483633547,291.93373852610824,False,False
6-31.mid,third_party/PianistTransformer/data/midis/testset/human/6-31.mid,analyzed,,0,480,1,4153,4048,4047,4031,"{""0"": 4031}","{""0"": 4031}","{""0"": 4153}",0,0,0,8,29,0,3.342945375000056,368,368,736,367,368,735,0,1,0.9982703236965653,0,0,3,1,51,2,218,3,365,365,730,364,365,729,0,1,0.9982703236965653,0,0,0,0,47,1,216,1,363,363,726,362,363,725,0,1,0.9985174203113417,0,0,1,0,38,0,213,0,3439,488,113,7,0,7,0.001729676303434643,0,1818,1639,590,2229,53.86706202125031,0.7412898443291327,181.8631084754139,cc64_before_first_onset|cc64_at_or_after_last_onset,15.301181483633547,291.93373852610824,False,False
6-32.mid,third_party/PianistTransformer/data/midis/testset/human/6-32.mid,analyzed,,0,480,1,4153,4048,4047,4031,"{""0"": 4031}","{""0"": 4031}","{""0"": 4153}",0,0,0,8,29,0,3.342945375000056,368,368,736,367,368,735,0,1,0.9982703236965653,0,0,3,1,51,2,218,3,365,365,730,364,365,729,0,1,0.9982703236965653,0,0,0,0,47,1,216,1,363,363,726,362,363,725,0,1,0.9985174203113417,0,0,1,0,38,0,213,0,3439,488,113,7,0,7,0.001729676303434643,0,1818,1639,590,2229,53.86706202125031,0.7412898443291327,181.8631084754139,cc64_before_first_onset|cc64_at_or_after_last_onset,15.301181483633547,291.93373852610824,False,False
6-33.mid,third_party/PianistTransformer/data/midis/testset/human/6-33.mid,analyzed,,1,384,1,4108,3928,3927,6780,"{""0"": 6780}","{""1"": 6780}","{""0"": 4108}",0,0,0,8,101,0,3.6551779687500243,402,402,804,401,401,802,1,1,0.9949070537305832,10,10,20,18,127,30,285,36,386,386,772,385,385,770,1,1,0.9961802902979373,0,0,7,5,105,13,264,19,363,363,726,362,362,724,1,1,0.9964349376114082,0,0,0,0,86,0,237,0,3286,506,115,14,6,20,0.005092946269416858,0,1437,1870,620,2490,72.57448433919022,9.167303284950345,204.73644003055767,cc64_before_first_onset|cc64_at_or_after_last_onset,15.301181483633547,291.93373852610824,False,False
6-34.mid,third_party/PianistTransformer/data/midis/testset/human/6-34.mid,analyzed,,1,384,1,4108,3928,3927,6780,"{""0"": 6780}","{""1"": 6780}","{""0"": 4108}",0,0,0,8,101,0,3.6551779687500243,402,402,804,401,401,802,1,1,0.9949070537305832,10,10,20,18,127,30,285,36,386,386,772,385,385,770,1,1,0.9961802902979373,0,0,7,5,105,13,264,19,363,363,726,362,362,724,1,1,0.9964349376114082,0,0,0,0,86,0,237,0,3286,506,115,14,6,20,0.005092946269416858,0,1437,1870,620,2490,72.57448433919022,9.167303284950345,204.73644003055767,cc64_before_first_onset|cc64_at_or_after_last_onset,15.301181483633547,291.93373852610824,False,False
7-0.mid,third_party/PianistTransformer/data/midis/testset/human/7-0.mid,analyzed,,1,480,1,4053,3905,3904,4507,"{""0"": 4507}","{""1"": 4507}","{""0"": 4053}",0,0,0,8,12,0,1.4722178791666636,350,350,700,349,349,698,0,2,0.998719262295082,10,4,31,9,104,13,255,19,335,335,670,334,334,668,0,2,0.998719262295082,5,2,24,3,91,8,233,8,313,313,626,312,312,624,0,2,0.9984631147540983,1,0,11,0,65,0,193,0,3290,535,74,5,0,5,0.0012807377049180327,0,2221,1085,598,1683,65.31762295081967,4.866803278688525,179.30327868852459,cc64_before_first_onset|cc64_at_or_after_last_onset,15.301181483633547,291.93373852610824,False,False
7-1.mid,third_party/PianistTransformer/data/midis/testset/human/7-1.mid,analyzed,,1,384,1,4029,3845,3844,6364,"{""0"": 6364}","{""1"": 6364}","{""0"": 4029}",0,0,0,1,14,0,1.3181076562499925,327,327,654,326,326,652,0,2,0.9986992715920916,3,3,10,9,63,19,228,32,296,296,592,295,295,590,0,2,0.9984391259105099,0,0,0,0,45,9,187,17,240,240,480,239,239,478,0,2,0.9984391259105099,0,0,0,0,31,1,138,3,3262,517,60,5,0,5,0.0013007284079084287,0,2293,982,569,1551,59.31321540062435,8.324661810613943,170.13527575442248,cc64_before_first_onset|cc64_at_or_after_last_onset,15.301181483633547,291.93373852610824,False,False
7-2.mid,third_party/PianistTransformer/data/midis/testset/human/7-2.mid,analyzed,,0,384,1,4031,3835,3834,6388,"{""0"": 6388}","{""0"": 6388}","{""0"": 4031}",0,0,0,8,16,0,1.7507995312499816,397,397,794,396,395,791,1,2,0.9981742305685968,1,1,5,3,88,8,267,22,381,381,762,380,380,760,0,2,0.9981742305685968,0,0,3,1,72,1,248,10,347,347,694,346,346,692,0,2,0.9989567031820553,0,0,1,0,64,0,218,1,3139,606,82,7,0,7,0.0018257694314032342,0,2101,1052,681,1733,69.64006259780908,5.738132498695879,207.094418362024,cc64_before_first_onset|cc64_at_or_after_last_onset,15.301181483633547,291.93373852610824,False,False
7-3.mid,third_party/PianistTransformer/data/midis/testset/human/7-3.mid,analyzed,,1,384,1,4011,3842,3841,4707,"{""0"": 4707}","{""1"": 4707}","{""0"": 4011}",0,0,0,31,24,0,1.1276041666666856,311,311,622,310,309,619,1,2,0.9986982556625879,4,4,17,16,91,38,202,45,293,293,586,292,291,583,1,2,0.9986982556625879,0,0,4,3,61,14,184,20,273,273,546,272,271,543,1,2,0.9989586045300703,0,0,1,0,41,1,158,2,3312,444,80,5,0,5,0.0013017443374121322,0,1687,1638,516,2154,52.590471231450145,11.715699036709191,161.93699557406924,cc64_before_first_onset|cc64_at_or_after_last_onset,15.301181483633547,291.93373852610824,False,False
7-4.mid,third_party/PianistTransformer/data/midis/testset/human/7-4.mid,analyzed,,1,480,1,4020,3548,3547,4181,"{""0"": 4181}","{""1"": 4181}","{""0"": 4020}",0,0,0,9,5,0,1.3125,275,275,550,274,274,548,0,2,0.9988722864392444,3,3,9,9,47,11,173,13,270,270,540,269,269,538,0,2,0.9988722864392444,1,1,6,5,31,6,164,8,258,258,516,257,257,514,0,2,0.9988722864392444,0,0,0,0,23,0,157,0,3058,434,51,4,0,4,0.001127713560755568,0,1969,1116,462,1578,48.77361150267832,3.665069072455596,155.0606146038906,cc64_before_first_onset|cc64_at_or_after_last_onset,15.301181483633547,291.93373852610824,False,False
7-5.mid,third_party/PianistTransformer/data/midis/testset/human/7-5.mid,analyzed,,1,480,1,4000,3877,3876,4453,"{""0"": 4453}","{""1"": 4453}","{""0"": 4000}",0,0,0,35,3,0,1.1802083333333258,264,264,528,263,262,525,1,2,0.9997420020639834,1,1,5,3,30,7,138,17,241,241,482,240,239,479,1,2,0.999484004127967,0,0,1,0,21,1,119,2,231,231,462,230,229,459,1,2,0.9997420020639834,0,0,1,0,18,0,107,0,3403,422,50,1,0,1,0.00025799793601651185,0,2197,1212,467,1679,35.60371517027864,4.385964912280702,136.22291021671828,cc64_before_first_onset|cc64_at_or_after_last_onset,15.301181483633547,291.93373852610824,False,False
7-6.mid,third_party/PianistTransformer/data/midis/testset/human/7-6.mid,analyzed,,0,384,1,4050,3884,3883,6266,"{""0"": 6266}","{""0"": 6266}","{""0"": 4050}",0,0,0,1,23,0,1.2179475000000082,267,267,534,266,265,531,1,2,0.9981972701519444,4,4,10,7,39,20,126,45,225,225,450,224,224,448,0,2,0.9984548029873809,0,0,5,1,26,4,94,9,185,185,370,184,184,368,0,2,0.9992274014936905,0,0,1,1,17,1,71,1,3430,382,64,7,0,7,0.0018027298480556271,0,2656,784,443,1227,32.44913726500129,11.588977594643318,137.52253412310068,cc64_before_first_onset|cc64_at_or_after_last_onset,15.301181483633547,291.93373852610824,False,False
7-7.mid,third_party/PianistTransformer/data/midis/testset/human/7-7.mid,analyzed,,0,384,1,4050,3884,3883,6266,"{""0"": 6266}","{""0"": 6266}","{""0"": 4050}",0,0,0,1,23,0,1.2179475000000082,267,267,534,266,265,531,1,2,0.9981972701519444,4,4,10,7,39,20,126,45,225,225,450,224,224,448,0,2,0.9984548029873809,0,0,5,1,26,4,94,9,185,185,370,184,184,368,0,2,0.9992274014936905,0,0,1,1,17,1,71,1,3430,382,64,7,0,7,0.0018027298480556271,0,2656,784,443,1227,32.44913726500129,11.588977594643318,137.52253412310068,cc64_before_first_onset|cc64_at_or_after_last_onset,15.301181483633547,291.93373852610824,False,False
7-8.mid,third_party/PianistTransformer/data/midis/testset/human/7-8.mid,analyzed,,1,480,1,3947,3822,3821,5440,"{""0"": 5440}","{""1"": 5440}","{""0"": 3947}",0,0,0,1,7,0,1.640625,327,327,654,326,327,653,0,1,0.9984297304370584,6,5,14,9,71,20,246,30,289,289,578,288,289,577,0,1,0.9992148652185292,0,0,2,1,36,5,201,9,263,263,526,262,263,525,0,1,0.9994765768123528,0,0,0,0,26,0,165,0,3243,509,63,6,0,6,0.0015702695629416384,0,2308,945,568,1513,64.38105208060718,7.851347814708191,171.15938236063857,cc64_before_first_onset|cc64_at_or_after_last_onset,15.301181483633547,291.93373852610824,False,False
7-9.mid,third_party/PianistTransformer/data/midis/testset/human/7-9.mid,analyzed,,1,384,1,4009,3862,3861,4788,"{""0"": 4788}","{""1"": 4788}","{""0"": 4009}",0,0,0,8,5,0,1.463673749999998,385,385,770,384,384,768,0,2,0.9981869981869982,5,5,16,11,126,14,273,17,377,377,754,376,376,752,0,2,0.9984459984459985,1,1,6,2,109,4,261,5,365,365,730,364,364,728,0,2,0.9984459984459985,0,0,3,0,92,0,247,0,3200,561,93,7,0,7,0.001813001813001813,0,1841,1372,648,2020,70.70707070707071,4.403004403004403,199.43019943019942,cc64_before_first_onset|cc64_at_or_after_last_onset,15.301181483633547,291.93373852610824,False,False
7-10.mid,third_party/PianistTransformer/data/midis/testset/human/7-10.mid,analyzed,,1,384,1,4009,3862,3861,4788,"{""0"": 4788}","{""1"": 4788}","{""0"": 4009}",0,0,0,8,5,0,1.463673749999998,385,385,770,384,384,768,0,2,0.9981869981869982,5,5,16,11,126,14,273,17,377,377,754,376,376,752,0,2,0.9984459984459985,1,1,6,2,109,4,261,5,365,365,730,364,364,728,0,2,0.9984459984459985,0,0,3,0,92,0,247,0,3200,561,93,7,0,7,0.001813001813001813,0,1841,1372,648,2020,70.70707070707071,4.403004403004403,199.43019943019942,cc64_before_first_onset|cc64_at_or_after_last_onset,15.301181483633547,291.93373852610824,False,False
8-0.mid,third_party/PianistTransformer/data/midis/testset/human/8-0.mid,analyzed,,1,384,1,2111,2058,2057,7039,"{""0"": 7039}","{""1"": 7039}","{""0"": 2111}",0,0,0,11,40,0,2.555989583333343,280,280,560,279,279,558,0,2,0.9931939718035975,2,2,7,7,58,13,200,21,265,265,530,264,264,528,0,2,0.9941662615459407,0,0,1,1,43,4,180,5,256,256,512,255,255,510,0,2,0.9961108410306271,0,0,0,0,34,2,168,2,1624,322,97,14,0,14,0.006806028196402528,0,888,741,428,1169,97.22897423432183,10.209042294603792,272.2411278561011,cc64_before_first_onset|cc64_at_or_after_last_onset,15.301181483633547,291.93373852610824,False,False
8-1.mid,third_party/PianistTransformer/data/midis/testset/human/8-1.mid,analyzed,,1,384,1,2111,2058,2057,7039,"{""0"": 7039}","{""1"": 7039}","{""0"": 2111}",0,0,0,11,40,0,2.555989583333343,280,280,560,279,279,558,0,2,0.9931939718035975,2,2,7,7,58,13,200,21,265,265,530,264,264,528,0,2,0.9941662615459407,0,0,1,1,43,4,180,5,256,256,512,255,255,510,0,2,0.9961108410306271,0,0,0,0,34,2,168,2,1624,322,97,14,0,14,0.006806028196402528,0,888,741,428,1169,97.22897423432183,10.209042294603792,272.2411278561011,cc64_before_first_onset|cc64_at_or_after_last_onset,15.301181483633547,291.93373852610824,False,False
8-2.mid,third_party/PianistTransformer/data/midis/testset/human/8-2.mid,analyzed,,1,384,1,2111,2058,2057,7039,"{""0"": 7039}","{""1"": 7039}","{""0"": 2111}",0,0,0,11,40,0,2.555989583333343,280,280,560,279,279,558,0,2,0.9931939718035975,2,2,7,7,58,13,200,21,265,265,530,264,264,528,0,2,0.9941662615459407,0,0,1,1,43,4,180,5,256,256,512,255,255,510,0,2,0.9961108410306271,0,0,0,0,34,2,168,2,1624,322,97,14,0,14,0.006806028196402528,0,888,741,428,1169,97.22897423432183,10.209042294603792,272.2411278561011,cc64_before_first_onset|cc64_at_or_after_last_onset,15.301181483633547,291.93373852610824,False,False
8-3.mid,third_party/PianistTransformer/data/midis/testset/human/8-3.mid,analyzed,,1,384,1,2111,2058,2057,7039,"{""0"": 7039}","{""1"": 7039}","{""0"": 2111}",0,0,0,11,40,0,2.555989583333343,280,280,560,279,279,558,0,2,0.9931939718035975,2,2,7,7,58,13,200,21,265,265,530,264,264,528,0,2,0.9941662615459407,0,0,1,1,43,4,180,5,256,256,512,255,255,510,0,2,0.9961108410306271,0,0,0,0,34,2,168,2,1624,322,97,14,0,14,0.006806028196402528,0,888,741,428,1169,97.22897423432183,10.209042294603792,272.2411278561011,cc64_before_first_onset|cc64_at_or_after_last_onset,15.301181483633547,291.93373852610824,False,False
8-4.mid,third_party/PianistTransformer/data/midis/testset/human/8-4.mid,analyzed,,1,384,1,2111,2058,2057,7039,"{""0"": 7039}","{""1"": 7039}","{""0"": 2111}",0,0,0,11,40,0,2.555989583333343,280,280,560,279,279,558,0,2,0.9931939718035975,2,2,7,7,58,13,200,21,265,265,530,264,264,528,0,2,0.9941662615459407,0,0,1,1,43,4,180,5,256,256,512,255,255,510,0,2,0.9961108410306271,0,0,0,0,34,2,168,2,1624,322,97,14,0,14,0.006806028196402528,0,888,741,428,1169,97.22897423432183,10.209042294603792,272.2411278561011,cc64_before_first_onset|cc64_at_or_after_last_onset,15.301181483633547,291.93373852610824,False,False
8-5.mid,third_party/PianistTransformer/data/midis/testset/human/8-5.mid,analyzed,,1,480,1,2113,1929,1928,4055,"{""0"": 4055}","{""1"": 4055}","{""0"": 2113}",0,0,0,6,27,0,2.90833333333336,175,175,350,174,174,348,0,2,0.9994813278008299,0,0,0,0,1,1,81,3,167,167,334,166,166,332,0,2,0.9994813278008299,0,0,0,0,0,0,65,0,162,162,324,161,161,322,0,2,0.9994813278008299,0,0,0,0,0,0,60,0,1606,297,24,1,0,1,0.0005186721991701245,0,1100,515,313,828,42.01244813278009,1.5560165975103735,181.53526970954357,cc64_before_first_onset|cc64_at_or_after_last_onset,15.301181483633547,291.93373852610824,False,False
8-6.mid,third_party/PianistTransformer/data/midis/testset/human/8-6.mid,analyzed,,1,480,1,2113,1929,1928,4055,"{""0"": 4055}","{""1"": 4055}","{""0"": 2113}",0,0,0,6,27,0,2.90833333333336,175,175,350,174,174,348,0,2,0.9994813278008299,0,0,0,0,1,1,81,3,167,167,334,166,166,332,0,2,0.9994813278008299,0,0,0,0,0,0,65,0,162,162,324,161,161,322,0,2,0.9994813278008299,0,0,0,0,0,0,60,0,1606,297,24,1,0,1,0.0005186721991701245,0,1100,515,313,828,42.01244813278009,1.5560165975103735,181.53526970954357,cc64_before_first_onset|cc64_at_or_after_last_onset,15.301181483633547,291.93373852610824,False,False
8-7.mid,third_party/PianistTransformer/data/midis/testset/human/8-7.mid,analyzed,,1,480,1,2113,1929,1928,4055,"{""0"": 4055}","{""1"": 4055}","{""0"": 2113}",0,0,0,6,27,0,2.90833333333336,175,175,350,174,174,348,0,2,0.9994813278008299,0,0,0,0,1,1,81,3,167,167,334,166,166,332,0,2,0.9994813278008299,0,0,0,0,0,0,65,0,162,162,324,161,161,322,0,2,0.9994813278008299,0,0,0,0,0,0,60,0,1606,297,24,1,0,1,0.0005186721991701245,0,1100,515,313,828,42.01244813278009,1.5560165975103735,181.53526970954357,cc64_before_first_onset|cc64_at_or_after_last_onset,15.301181483633547,291.93373852610824,False,False
8-8.mid,third_party/PianistTransformer/data/midis/testset/human/8-8.mid,analyzed,,1,480,1,2113,1929,1928,4055,"{""0"": 4055}","{""1"": 4055}","{""0"": 2113}",0,0,0,6,27,0,2.90833333333336,175,175,350,174,174,348,0,2,0.9994813278008299,0,0,0,0,1,1,81,3,167,167,334,166,166,332,0,2,0.9994813278008299,0,0,0,0,0,0,65,0,162,162,324,161,161,322,0,2,0.9994813278008299,0,0,0,0,0,0,60,0,1606,297,24,1,0,1,0.0005186721991701245,0,1100,515,313,828,42.01244813278009,1.5560165975103735,181.53526970954357,cc64_before_first_onset|cc64_at_or_after_last_onset,15.301181483633547,291.93373852610824,False,False
8-9.mid,third_party/PianistTransformer/data/midis/testset/human/8-9.mid,analyzed,,1,480,1,2113,1929,1928,4055,"{""0"": 4055}","{""1"": 4055}","{""0"": 2113}",0,0,0,6,27,0,2.90833333333336,175,175,350,174,174,348,0,2,0.9994813278008299,0,0,0,0,1,1,81,3,167,167,334,166,166,332,0,2,0.9994813278008299,0,0,0,0,0,0,65,0,162,162,324,161,161,322,0,2,0.9994813278008299,0,0,0,0,0,0,60,0,1606,297,24,1,0,1,0.0005186721991701245,0,1100,515,313,828,42.01244813278009,1.5560165975103735,181.53526970954357,cc64_before_first_onset|cc64_at_or_after_last_onset,15.301181483633547,291.93373852610824,False,False
8-10.mid,third_party/PianistTransformer/data/midis/testset/human/8-10.mid,analyzed,,0,384,1,2114,2032,2031,2906,"{""0"": 2906}","{""0"": 2906}","{""0"": 2114}",0,0,0,8,4,0,1.690703437499998,162,162,324,161,162,323,0,1,1.0,0,0,0,0,8,0,57,4,156,156,312,155,156,311,0,1,1.0,0,0,0,0,5,0,46,1,142,142,284,141,142,283,0,1,1.0,0,0,0,0,4,0,43,0,1737,265,29,0,0,0,0.0,0,1289,459,283,742,28.064992614475628,1.9694731659281142,159.52732644017726,cc64_before_first_onset|cc64_at_or_after_last_onset,15.301181483633547,291.93373852610824,False,False
8-11.mid,third_party/PianistTransformer/data/midis/testset/human/8-11.mid,analyzed,,0,384,1,2114,2032,2031,2906,"{""0"": 2906}","{""0"": 2906}","{""0"": 2114}",0,0,0,8,4,0,1.690703437499998,162,162,324,161,162,323,0,1,1.0,0,0,0,0,8,0,57,4,156,156,312,155,156,311,0,1,1.0,0,0,0,0,5,0,46,1,142,142,284,141,142,283,0,1,1.0,0,0,0,0,4,0,43,0,1737,265,29,0,0,0,0.0,0,1289,459,283,742,28.064992614475628,1.9694731659281142,159.52732644017726,cc64_before_first_onset|cc64_at_or_after_last_onset,15.301181483633547,291.93373852610824,False,False
8-12.mid,third_party/PianistTransformer/data/midis/testset/human/8-12.mid,analyzed,,0,384,1,2114,2032,2031,2906,"{""0"": 2906}","{""0"": 2906}","{""0"": 2114}",0,0,0,8,4,0,1.690703437499998,162,162,324,161,162,323,0,1,1.0,0,0,0,0,8,0,57,4,156,156,312,155,156,311,0,1,1.0,0,0,0,0,5,0,46,1,142,142,284,141,142,283,0,1,1.0,0,0,0,0,4,0,43,0,1737,265,29,0,0,0,0.0,0,1289,459,283,742,28.064992614475628,1.9694731659281142,159.52732644017726,cc64_before_first_onset|cc64_at_or_after_last_onset,15.301181483633547,291.93373852610824,False,False
8-13.mid,third_party/PianistTransformer/data/midis/testset/human/8-13.mid,analyzed,,0,384,1,2114,2032,2031,2906,"{""0"": 2906}","{""0"": 2906}","{""0"": 2114}",0,0,0,8,4,0,1.690703437499998,162,162,324,161,162,323,0,1,1.0,0,0,0,0,8,0,57,4,156,156,312,155,156,311,0,1,1.0,0,0,0,0,5,0,46,1,142,142,284,141,142,283,0,1,1.0,0,0,0,0,4,0,43,0,1737,265,29,0,0,0,0.0,0,1289,459,283,742,28.064992614475628,1.9694731659281142,159.52732644017726,cc64_before_first_onset|cc64_at_or_after_last_onset,15.301181483633547,291.93373852610824,False,False
8-14.mid,third_party/PianistTransformer/data/midis/testset/human/8-14.mid,analyzed,,0,384,1,2114,2032,2031,2906,"{""0"": 2906}","{""0"": 2906}","{""0"": 2114}",0,0,0,8,4,0,1.690703437499998,162,162,324,161,162,323,0,1,1.0,0,0,0,0,8,0,57,4,156,156,312,155,156,311,0,1,1.0,0,0,0,0,5,0,46,1,142,142,284,141,142,283,0,1,1.0,0,0,0,0,4,0,43,0,1737,265,29,0,0,0,0.0,0,1289,459,283,742,28.064992614475628,1.9694731659281142,159.52732644017726,cc64_before_first_onset|cc64_at_or_after_last_onset,15.301181483633547,291.93373852610824,False,False
9-0.mid,third_party/PianistTransformer/data/midis/testset/human/9-0.mid,analyzed,,1,384,1,3520,3417,3416,1747,"{""0"": 1747}","{""1"": 1747}","{""0"": 3520}",0,0,0,1,0,0,2.748697916666657,143,143,286,143,143,286,0,0,1.0,0,0,0,0,24,0,50,0,143,143,286,143,143,286,0,0,1.0,0,0,0,0,15,0,45,0,143,143,286,143,143,286,0,0,1.0,0,0,0,0,7,0,44,0,3140,266,10,0,0,0,0.0,0,2441,702,273,975,14.637002341920375,0.0,83.72365339578454,cc64_before_first_onset,15.301181483633547,291.93373852610824,False,False
9-1.mid,third_party/PianistTransformer/data/midis/testset/human/9-1.mid,analyzed,,1,480,1,3526,3431,3430,2565,"{""0"": 2565}","{""1"": 2565}","{""0"": 3526}",0,0,0,0,8,0,3.9252020958333276,130,130,260,129,130,259,0,1,0.9997084548104956,0,0,1,1,21,5,56,16,114,114,228,113,114,227,0,1,0.9997084548104956,0,0,0,0,14,1,52,8,104,104,208,103,104,207,0,1,0.9997084548104956,0,0,0,0,10,0,46,0,3189,224,16,1,0,1,0.0002915451895043732,0,2833,363,234,597,16.3265306122449,4.664723032069971,75.80174927113703,cc64_at_or_after_last_onset,15.301181483633547,291.93373852610824,False,False
9-2.mid,third_party/PianistTransformer/data/midis/testset/human/9-2.mid,analyzed,,1,480,1,3526,3431,3430,2565,"{""0"": 2565}","{""1"": 2565}","{""0"": 3526}",0,0,0,0,8,0,3.9252020958333276,130,130,260,129,130,259,0,1,0.9997084548104956,0,0,1,1,21,5,56,16,114,114,228,113,114,227,0,1,0.9997084548104956,0,0,0,0,14,1,52,8,104,104,208,103,104,207,0,1,0.9997084548104956,0,0,0,0,10,0,46,0,3189,224,16,1,0,1,0.0002915451895043732,0,2833,363,234,597,16.3265306122449,4.664723032069971,75.80174927113703,cc64_at_or_after_last_onset,15.301181483633547,291.93373852610824,False,False
9-3.mid,third_party/PianistTransformer/data/midis/testset/human/9-3.mid,analyzed,,1,384,1,3482,3387,3386,5008,"{""0"": 5008}","{""1"": 5008}","{""0"": 3482}",0,0,0,0,2,0,4.109375,172,173,345,172,172,344,0,1,0.9988186650915535,1,1,2,2,22,13,59,22,138,139,277,138,138,276,0,1,0.9997046662728883,0,0,0,0,8,2,29,5,89,90,179,89,89,178,0,1,1.0,0,0,0,0,5,0,15,0,3073,287,22,3,1,4,0.0011813349084465446,0,2527,549,310,859,17.424689899586532,6.4973419964559955,101.89013585351447,cc64_at_or_after_last_onset,15.301181483633547,291.93373852610824,False,False
9-4.mid,third_party/PianistTransformer/data/midis/testset/human/9-4.mid,analyzed,,1,384,1,3474,3367,3366,3384,"{""0"": 3384}","{""1"": 3384}","{""0"": 3474}",0,0,0,1,3,0,4.078125,215,216,431,215,215,430,0,1,0.9994058229352347,2,2,7,4,39,4,109,8,204,205,409,204,204,408,0,1,1.0,0,0,2,0,37,0,104,1,194,195,389,194,194,388,0,1,1.0,0,0,2,0,35,0,94,0,2965,374,25,2,0,2,0.0005941770647653001,0,2260,709,397,1106,32.382650029708856,2.3767082590612003,128.04515745692217,cc64_before_first_onset|cc64_at_or_after_last_onset,15.301181483633547,291.93373852610824,False,False
9-5.mid,third_party/PianistTransformer/data/midis/testset/human/9-5.mid,analyzed,,1,384,1,3474,3367,3366,3384,"{""0"": 3384}","{""1"": 3384}","{""0"": 3474}",0,0,0,1,3,0,4.078125,215,216,431,215,215,430,0,1,0.9994058229352347,2,2,7,4,39,4,109,8,204,205,409,204,204,408,0,1,1.0,0,0,2,0,37,0,104,1,194,195,389,194,194,388,0,1,1.0,0,0,2,0,35,0,94,0,2965,374,25,2,0,2,0.0005941770647653001,0,2260,709,397,1106,32.382650029708856,2.3767082590612003,128.04515745692217,cc64_before_first_onset|cc64_at_or_after_last_onset,15.301181483633547,291.93373852610824,False,False
9-6.mid,third_party/PianistTransformer/data/midis/testset/human/9-6.mid,analyzed,,0,384,1,3497,3387,3386,2647,"{""0"": 2647}","{""0"": 2647}","{""0"": 3497}",0,0,0,0,13,0,3.9690131250000036,124,124,248,123,123,246,0,2,1.0,1,1,1,1,9,2,67,7,116,116,232,115,115,230,0,2,0.9991139988186651,0,0,1,0,8,1,64,2,102,102,204,101,101,202,0,2,0.9997046662728883,0,0,0,0,6,0,61,0,3176,174,36,0,0,0,0.0,0,2935,247,204,451,19.78735971647962,2.067336089781453,73.24276432368576,cc64_at_or_after_last_onset,15.301181483633547,291.93373852610824,False,False
9-7.mid,third_party/PianistTransformer/data/midis/testset/human/9-7.mid,analyzed,,1,480,1,3463,3398,3397,1082,"{""0"": 1082}","{""1"": 1082}","{""0"": 3463}",0,0,0,0,10,0,2.5833257125000273,73,73,146,72,72,144,0,2,0.9997056226081837,3,3,5,5,27,5,34,5,69,69,138,68,68,136,0,2,0.9997056226081837,0,0,1,1,18,1,27,1,68,68,136,67,67,134,0,2,0.9997056226081837,0,0,1,0,15,0,27,0,3274,103,19,1,0,1,0.00029437739181630853,0,3026,251,120,371,10.008831321754489,1.4718869590815424,42.97909920518104,cc64_at_or_after_last_onset,15.301181483633547,291.93373852610824,False,False
9-8.mid,third_party/PianistTransformer/data/midis/testset/human/9-8.mid,analyzed,,1,480,1,3463,3398,3397,1082,"{""0"": 1082}","{""1"": 1082}","{""0"": 3463}",0,0,0,0,10,0,2.5833257125000273,73,73,146,72,72,144,0,2,0.9997056226081837,3,3,5,5,27,5,34,5,69,69,138,68,68,136,0,2,0.9997056226081837,0,0,1,1,18,1,27,1,68,68,136,67,67,134,0,2,0.9997056226081837,0,0,1,0,15,0,27,0,3274,103,19,1,0,1,0.00029437739181630853,0,3026,251,120,371,10.008831321754489,1.4718869590815424,42.97909920518104,cc64_at_or_after_last_onset,15.301181483633547,291.93373852610824,False,False
9-9.mid,third_party/PianistTransformer/data/midis/testset/human/9-9.mid,analyzed,,1,384,1,3541,3426,3425,2718,"{""0"": 2718}","{""1"": 2718}","{""0"": 3541}",0,0,0,1,8,0,2.8411458333333144,194,194,388,193,194,387,0,1,0.9997080291970802,1,1,2,2,24,8,87,12,188,188,376,187,188,375,0,1,0.9994160583941606,0,0,0,0,15,4,76,6,183,183,366,182,183,365,0,1,0.9994160583941606,0,0,0,0,11,0,67,1,3077,310,37,1,0,1,0.00029197080291970805,0,2429,653,343,996,25.401459854014597,3.5036496350364965,113.28467153284672,cc64_before_first_onset|cc64_at_or_after_last_onset,15.301181483633547,291.93373852610824,False,False
9-10.mid,third_party/PianistTransformer/data/midis/testset/human/9-10.mid,analyzed,,1,480,1,3468,3414,3413,6284,"{""0"": 6284}","{""1"": 6284}","{""0"": 3468}",0,0,0,0,26,0,3.8125,277,277,554,276,276,552,0,2,0.9991210079109288,2,2,8,7,69,19,196,39,231,231,462,230,230,460,0,2,0.9994140052739525,0,0,1,0,38,4,156,7,214,214,428,213,213,426,0,2,0.9994140052739525,0,0,0,0,24,1,137,1,2924,430,56,2,1,3,0.0008789920890711983,0,1977,951,485,1436,57.427483152651625,11.426897157925579,162.32053911514797,cc64_at_or_after_last_onset,15.301181483633547,291.93373852610824,False,False
9-11.mid,third_party/PianistTransformer/data/midis/testset/human/9-11.mid,analyzed,,1,480,1,3468,3414,3413,6284,"{""0"": 6284}","{""1"": 6284}","{""0"": 3468}",0,0,0,0,26,0,3.8125,277,277,554,276,276,552,0,2,0.9991210079109288,2,2,8,7,69,19,196,39,231,231,462,230,230,460,0,2,0.9994140052739525,0,0,1,0,38,4,156,7,214,214,428,213,213,426,0,2,0.9994140052739525,0,0,0,0,24,1,137,1,2924,430,56,2,1,3,0.0008789920890711983,0,1977,951,485,1436,57.427483152651625,11.426897157925579,162.32053911514797,cc64_at_or_after_last_onset,15.301181483633547,291.93373852610824,False,False
9-12.mid,third_party/PianistTransformer/data/midis/testset/human/9-12.mid,analyzed,,1,480,1,3545,3459,3458,2523,"{""0"": 2523}","{""1"": 2523}","{""0"": 3545}",0,0,0,22,14,0,4.709374999999994,122,122,244,121,121,242,0,2,0.9997108155002892,2,2,5,5,8,8,30,17,100,100,200,99,99,198,0,2,0.9997108155002892,0,0,0,0,4,0,18,0,88,88,176,87,87,174,0,2,0.9997108155002892,0,0,0,0,4,0,20,0,3234,207,16,1,0,1,0.0002891844997108155,0,2854,383,221,604,8.675534991324465,4.9161364950838635,70.56101792943898,cc64_before_first_onset|cc64_at_or_after_last_onset,15.301181483633547,291.93373852610824,False,False
9-13.mid,third_party/PianistTransformer/data/midis/testset/human/9-13.mid,analyzed,,1,480,1,3545,3459,3458,2523,"{""0"": 2523}","{""1"": 2523}","{""0"": 3545}",0,0,0,22,14,0,4.709374999999994,122,122,244,121,121,242,0,2,0.9997108155002892,2,2,5,5,8,8,30,17,100,100,200,99,99,198,0,2,0.9997108155002892,0,0,0,0,4,0,18,0,88,88,176,87,87,174,0,2,0.9997108155002892,0,0,0,0,4,0,20,0,3234,207,16,1,0,1,0.0002891844997108155,0,2854,383,221,604,8.675534991324465,4.9161364950838635,70.56101792943898,cc64_before_first_onset|cc64_at_or_after_last_onset,15.301181483633547,291.93373852610824,False,False
10-0.mid,third_party/PianistTransformer/data/midis/testset/human/10-0.mid,analyzed,,0,384,1,1476,1383,1382,1794,"{""0"": 1794}","{""0"": 1794}","{""0"": 1476}",0,0,0,0,155,0,3.9115879687500126,83,83,166,82,82,164,0,2,0.9992764109985528,0,0,4,3,27,10,61,19,63,63,126,62,62,124,0,2,1.0,0,0,0,0,13,1,46,3,60,60,120,59,59,118,0,2,1.0,0,0,0,0,11,0,43,0,1237,128,16,0,1,1,0.000723589001447178,0,1097,143,142,285,44.138929088277855,13.748191027496382,120.11577424023154,cc64_at_or_after_last_onset,15.301181483633547,291.93373852610824,False,False
10-1.mid,third_party/PianistTransformer/data/midis/testset/human/10-1.mid,analyzed,,1,480,1,1443,1370,1369,1175,"{""0"": 1175}","{""1"": 1175}","{""0"": 1443}",0,0,0,8,89,0,2.145292816666654,52,52,104,50,51,101,0,3,1.0,1,1,5,2,16,3,34,8,46,46,92,44,45,89,0,3,1.0,1,1,3,1,15,2,24,2,45,45,90,43,44,87,0,3,1.0,0,0,2,0,13,0,23,0,1283,71,15,0,0,0,0.0,0,951,335,83,418,24.83564645726808,5.843681519357195,75.96785975164353,cc64_before_first_onset|cc64_at_or_after_last_onset,15.301181483633547,291.93373852610824,False,False
11-0.mid,third_party/PianistTransformer/data/midis/testset/human/11-0.mid,analyzed,,1,384,1,1516,1442,1441,2081,"{""0"": 2081}","{""1"": 2081}","{""0"": 1516}",0,0,0,8,3,0,0.4313564062500035,89,89,178,88,88,176,1,1,1.0,2,2,7,6,36,16,89,27,76,76,152,75,76,151,0,1,1.0,0,0,1,1,22,8,69,14,62,62,124,61,62,123,0,1,1.0,0,0,0,0,10,0,48,1,1286,134,21,0,0,0,0.0,0,254,1035,152,1187,61.76266481609993,18.736988202637058,123.52532963219986,cc64_before_first_onset|cc64_at_or_after_last_onset,15.301181483633547,291.93373852610824,True,False
11-1.mid,third_party/PianistTransformer/data/midis/testset/human/11-1.mid,analyzed,,0,480,1,1588,1509,1508,1527,"{""0"": 1527}","{""0"": 1527}","{""0"": 1588}",0,0,0,8,59,0,0.5160251249999988,99,99,198,97,98,195,0,3,0.9980106100795756,8,6,24,15,93,20,117,21,86,86,172,84,85,169,0,3,0.9986737400530504,0,0,11,5,74,7,92,8,76,76,152,74,75,149,0,3,0.9986737400530504,0,0,6,0,58,0,79,0,1355,114,36,3,0,3,0.001989389920424403,0,165,1196,147,1343,77.58620689655173,13.925729442970823,131.29973474801062,cc64_before_first_onset|cc64_at_or_after_last_onset,15.301181483633547,291.93373852610824,False,False
11-2.mid,third_party/PianistTransformer/data/midis/testset/human/11-2.mid,analyzed,,1,480,1,1471,1418,1417,861,"{""0"": 861}","{""1"": 861}","{""0"": 1471}",0,0,0,8,3,0,0.48504130416666413,75,75,150,74,74,148,1,1,1.0,0,0,7,6,50,19,75,19,72,72,144,71,71,142,1,1,1.0,0,0,4,2,37,11,72,12,60,60,120,59,59,118,1,1,1.0,0,0,2,0,26,0,57,0,1281,124,12,0,0,0,0.0,0,105,1179,133,1312,52.928722653493296,13.408609738884968,105.85744530698659,cc64_before_first_onset|cc64_at_or_after_last_onset,15.301181483633547,291.93373852610824,False,False
11-3.mid,third_party/PianistTransformer/data/midis/testset/human/11-3.mid,analyzed,,0,384,1,1455,1381,1380,1368,"{""0"": 1368}","{""0"": 1368}","{""0"": 1455}",0,0,0,1,19,0,0.7585462499999949,78,78,156,77,77,154,1,1,1.0,0,0,6,4,60,9,77,11,72,72,144,71,72,143,0,1,1.0,0,0,1,1,44,2,65,2,71,71,142,70,71,141,0,1,1.0,0,0,0,0,38,0,66,0,1239,128,13,0,0,0,0.0,0,140,1100,140,1240,55.79710144927536,7.971014492753623,113.04347826086956,cc64_before_first_onset|cc64_at_or_after_last_onset,15.301181483633547,291.93373852610824,False,False
12-0.mid,third_party/PianistTransformer/data/midis/testset/human/12-0.mid,analyzed,,0,384,1,4574,4324,4323,7512,"{""0"": 7512}","{""0"": 7512}","{""0"": 4574}",0,0,0,1,0,0,4.369653749999998,483,483,966,483,482,965,1,0,0.9981494332639371,10,10,47,38,220,61,444,64,463,463,926,463,462,925,1,0,0.9979181124219292,0,0,18,7,199,32,423,34,432,432,864,432,432,864,0,0,0.9981494332639371,0,0,3,0,148,1,384,1,3567,556,192,7,1,8,0.0018505667360629193,0,1241,2345,737,3082,102.70645385149201,14.804533888503354,223.4559333795975,cc64_before_first_onset,15.301181483633547,291.93373852610824,False,False
12-1.mid,third_party/PianistTransformer/data/midis/testset/human/12-1.mid,analyzed,,0,384,1,4574,4324,4323,7512,"{""0"": 7512}","{""0"": 7512}","{""0"": 4574}",0,0,0,1,0,0,4.369653749999998,483,483,966,483,482,965,1,0,0.9981494332639371,10,10,47,38,220,61,444,64,463,463,926,463,462,925,1,0,0.9979181124219292,0,0,18,7,199,32,423,34,432,432,864,432,432,864,0,0,0.9981494332639371,0,0,3,0,148,1,384,1,3567,556,192,7,1,8,0.0018505667360629193,0,1241,2345,737,3082,102.70645385149201,14.804533888503354,223.4559333795975,cc64_before_first_onset,15.301181483633547,291.93373852610824,False,False
12-2.mid,third_party/PianistTransformer/data/midis/testset/human/12-2.mid,analyzed,,0,384,1,4574,4324,4323,7512,"{""0"": 7512}","{""0"": 7512}","{""0"": 4574}",0,0,0,1,0,0,4.369653749999998,483,483,966,483,482,965,1,0,0.9981494332639371,10,10,47,38,220,61,444,64,463,463,926,463,462,925,1,0,0.9979181124219292,0,0,18,7,199,32,423,34,432,432,864,432,432,864,0,0,0.9981494332639371,0,0,3,0,148,1,384,1,3567,556,192,7,1,8,0.0018505667360629193,0,1241,2345,737,3082,102.70645385149201,14.804533888503354,223.4559333795975,cc64_before_first_onset,15.301181483633547,291.93373852610824,False,False
12-3.mid,third_party/PianistTransformer/data/midis/testset/human/12-3.mid,analyzed,,0,384,1,4574,4324,4323,7512,"{""0"": 7512}","{""0"": 7512}","{""0"": 4574}",0,0,0,1,0,0,4.369653749999998,483,483,966,483,482,965,1,0,0.9981494332639371,10,10,47,38,220,61,444,64,463,463,926,463,462,925,1,0,0.9979181124219292,0,0,18,7,199,32,423,34,432,432,864,432,432,864,0,0,0.9981494332639371,0,0,3,0,148,1,384,1,3567,556,192,7,1,8,0.0018505667360629193,0,1241,2345,737,3082,102.70645385149201,14.804533888503354,223.4559333795975,cc64_before_first_onset,15.301181483633547,291.93373852610824,False,False
12-4.mid,third_party/PianistTransformer/data/midis/testset/human/12-4.mid,analyzed,,0,384,1,4574,4324,4323,7512,"{""0"": 7512}","{""0"": 7512}","{""0"": 4574}",0,0,0,1,0,0,4.369653749999998,483,483,966,483,482,965,1,0,0.9981494332639371,10,10,47,38,220,61,444,64,463,463,926,463,462,925,1,0,0.9979181124219292,0,0,18,7,199,32,423,34,432,432,864,432,432,864,0,0,0.9981494332639371,0,0,3,0,148,1,384,1,3567,556,192,7,1,8,0.0018505667360629193,0,1241,2345,737,3082,102.70645385149201,14.804533888503354,223.4559333795975,cc64_before_first_onset,15.301181483633547,291.93373852610824,False,False
13-0.mid,third_party/PianistTransformer/data/midis/testset/human/13-0.mid,analyzed,,1,384,1,4797,4641,4640,3326,"{""0"": 3326}","{""1"": 3326}","{""0"": 4797}",0,0,0,2,3,0,1.3111979166666652,480,480,960,479,479,958,1,1,0.999353448275862,16,12,62,20,348,26,483,31,463,463,926,462,462,924,1,1,0.9995689655172414,4,3,36,7,304,8,460,9,445,445,890,444,444,888,1,1,0.9995689655172414,0,0,17,0,265,0,443,0,3769,787,81,3,0,3,0.000646551724137931,0,1190,2600,850,3450,104.09482758620689,6.681034482758621,206.89655172413794,cc64_before_first_onset|cc64_at_or_after_last_onset,15.301181483633547,291.93373852610824,False,False
13-1.mid,third_party/PianistTransformer/data/midis/testset/human/13-1.mid,analyzed,,0,960,1,4855,4737,4736,4117,"{""0"": 4117}","{""0"": 4117}","{""0"": 4855}",0,0,0,12,5,0,2.708333333333334,409,409,818,408,408,816,1,1,1.0,13,11,65,26,268,32,379,34,396,396,792,395,395,790,1,1,1.0,2,1,44,8,251,10,364,11,372,372,744,371,371,742,1,1,1.0,1,0,21,0,225,0,340,0,4069,518,149,0,0,0,0.0,0,822,3259,655,3914,80.02533783783784,7.179054054054054,172.71959459459458,cc64_before_first_onset|cc64_at_or_after_last_onset,15.301181483633547,291.93373852610824,False,False
13-2.mid,third_party/PianistTransformer/data/midis/testset/human/13-2.mid,analyzed,,1,384,1,5053,4875,4874,3202,"{""0"": 3202}","{""1"": 3202}","{""0"": 5053}",0,0,0,0,2,0,2.398437499999999,449,449,898,448,449,897,0,1,1.0,13,5,62,9,307,10,409,13,431,431,862,430,431,861,0,1,1.0,5,2,44,2,284,4,395,5,421,421,842,420,421,841,0,1,1.0,2,0,29,0,257,0,378,0,4077,697,100,0,0,0,0.0,0,1126,2973,775,3748,83.91464915880181,2.667213787443578,184.2429216249487,cc64_at_or_after_last_onset,15.301181483633547,291.93373852610824,False,False
13-3.mid,third_party/PianistTransformer/data/midis/testset/human/13-3.mid,analyzed,,0,960,1,4973,4819,4818,3478,"{""0"": 3478}","{""0"": 3478}","{""0"": 4973}",0,0,0,11,24,0,1.328125,423,423,846,422,422,844,1,1,1.0,3,3,8,4,308,4,372,4,422,422,844,421,421,842,1,1,1.0,0,0,6,1,292,2,369,2,419,419,838,418,418,836,1,1,1.0,0,0,0,0,273,0,370,0,4043,706,69,0,0,0,0.0,0,858,3217,743,3960,77.21046077210461,0.8302200083022001,175.59153175591533,cc64_before_first_onset|cc64_at_or_after_last_onset,15.301181483633547,291.93373852610824,False,False
13-4.mid,third_party/PianistTransformer/data/midis/testset/human/13-4.mid,analyzed,,1,384,1,4870,4732,4731,4203,"{""0"": 4203}","{""1"": 4203}","{""0"": 4870}",0,0,0,0,24,0,3.395833333333334,414,414,828,413,414,827,0,1,0.9997886281969985,27,25,79,57,314,61,383,61,390,390,780,389,390,779,0,1,1.0,1,1,40,17,274,19,359,19,356,356,712,355,356,711,0,1,1.0,0,0,6,0,223,0,325,0,4070,496,164,1,0,1,0.0002113718030014796,0,785,3305,641,3946,80.95540054956669,12.893679983090255,175.01585288522512,cc64_at_or_after_last_onset,15.301181483633547,291.93373852610824,False,False
13-5.mid,third_party/PianistTransformer/data/midis/testset/human/13-5.mid,analyzed,,1,384,1,4841,4714,4713,6129,"{""0"": 6129}","{""1"": 6129}","{""0"": 4841}",0,0,0,0,28,0,2.776041666666667,463,463,926,462,463,925,0,1,0.9995756418417144,12,12,27,22,218,27,443,27,449,449,898,448,449,897,0,1,1.0,0,0,6,3,188,14,425,14,437,437,874,436,437,873,0,1,1.0,0,0,1,0,138,0,411,0,3926,651,134,2,0,2,0.000424358158285593,0,732,3218,763,3981,93.99533206025886,5.728835136855506,196.47782728622957,cc64_at_or_after_last_onset,15.301181483633547,291.93373852610824,False,False
13-6.mid,third_party/PianistTransformer/data/midis/testset/human/13-6.mid,analyzed,,0,960,1,4844,4737,4736,5390,"{""0"": 5390}","{""0"": 5390}","{""0"": 4844}",0,0,0,19,4,0,2.1416666666666657,431,431,862,430,430,860,1,1,1.0,21,20,80,51,284,59,410,60,416,416,832,415,415,830,1,1,1.0,1,1,53,15,262,26,396,27,383,383,766,382,383,765,0,1,1.0,0,0,10,0,214,2,358,2,4002,608,126,0,0,0,0.0,0,551,3468,717,4185,86.57094594594595,12.66891891891892,182.01013513513513,cc64_before_first_onset|cc64_at_or_after_last_onset,15.301181483633547,291.93373852610824,False,False
13-7.mid,third_party/PianistTransformer/data/midis/testset/human/13-7.mid,analyzed,,0,960,1,4917,4776,4775,5343,"{""0"": 5343}","{""0"": 5343}","{""0"": 4917}",0,0,0,12,5,0,2.8734374999999996,524,524,1048,523,523,1046,1,1,0.9995811518324608,15,15,65,48,381,64,535,68,502,502,1004,501,501,1002,1,1,0.9997905759162303,0,0,28,11,338,23,503,24,460,460,920,459,459,918,1,1,0.9997905759162303,0,0,4,0,279,1,461,1,3881,744,148,2,0,2,0.000418848167539267,0,590,3314,871,4185,112.04188481675392,14.24083769633508,219.4764397905759,cc64_before_first_onset|cc64_at_or_after_last_onset,15.301181483633547,291.93373852610824,False,False
13-8.mid,third_party/PianistTransformer/data/midis/testset/human/13-8.mid,analyzed,,0,960,1,4821,4730,4729,5343,"{""0"": 5343}","{""0"": 5343}","{""0"": 4821}",0,0,0,20,8,0,2.5229166666666663,464,464,928,463,463,926,1,1,0.9995770776062592,8,8,52,21,301,31,427,34,455,455,910,454,454,908,1,1,1.0,1,1,35,9,295,15,416,16,431,431,862,430,430,860,1,1,1.0,0,0,16,0,264,0,390,0,3886,762,79,2,0,2,0.00042292239374074856,0,939,2979,811,3790,90.29393106364982,7.1896806935927255,196.23599069570733,cc64_before_first_onset|cc64_at_or_after_last_onset,15.301181483633547,291.93373852610824,False,False
14-0.mid,third_party/PianistTransformer/data/midis/testset/human/14-0.mid,analyzed,,1,384,1,2824,2726,2725,1569,"{""0"": 1569}","{""1"": 1569}","{""0"": 2824}",0,0,0,0,4,0,1.23828125,171,171,342,170,170,340,0,2,1.0,2,2,4,3,16,4,86,10,166,166,332,165,165,330,0,2,1.0,0,0,0,0,18,1,95,2,160,160,320,159,159,318,0,2,1.0,0,0,1,0,18,0,92,0,2401,308,16,0,0,0,0.0,0,2223,181,321,502,31.559633027522935,3.669724770642202,125.5045871559633,cc64_at_or_after_last_onset,15.301181483633547,291.93373852610824,False,False
14-1.mid,third_party/PianistTransformer/data/midis/testset/human/14-1.mid,analyzed,,1,384,1,2822,2720,2719,585,"{""0"": 585}","{""1"": 585}","{""0"": 2822}",0,0,0,0,19,0,2.135416666666657,65,65,130,64,64,128,0,2,1.0,0,0,0,0,1,1,15,5,63,63,126,62,62,124,0,2,1.0,0,0,0,0,2,1,16,1,60,60,120,59,59,118,0,2,1.0,0,0,0,0,1,0,14,0,2600,110,9,0,0,0,0.0,0,2501,102,116,218,5.516734093416697,1.8389113644722324,47.81169547627805,cc64_at_or_after_last_onset,15.301181483633547,291.93373852610824,False,False
15-0.mid,third_party/PianistTransformer/data/midis/testset/human/15-0.mid,analyzed,,0,384,1,2652,2618,2617,3682,"{""0"": 3682}","{""0"": 3682}","{""0"": 2652}",0,0,0,0,6,0,2.954056874999992,28,28,56,27,28,55,0,1,1.0,0,0,0,0,1,1,6,5,21,21,42,20,21,41,0,1,1.0,0,0,0,0,0,0,1,0,19,19,38,18,19,37,0,1,1.0,0,0,0,0,0,0,2,0,2574,31,12,0,0,0,0.0,0,2554,20,43,63,2.292701566679404,1.9105846388995031,21.398547955674438,cc64_at_or_after_last_onset,15.301181483633547,291.93373852610824,False,False
15-1.mid,third_party/PianistTransformer/data/midis/testset/human/15-1.mid,analyzed,,0,480,1,2635,2600,2599,2832,"{""0"": 2832}","{""0"": 2832}","{""0"": 2635}",0,0,0,8,10,0,2.8760654999999815,204,204,408,203,203,406,0,2,0.9984609465178915,0,0,0,0,28,1,91,2,203,203,406,202,202,404,0,2,0.9984609465178915,0,0,0,0,25,0,92,1,203,203,406,202,202,404,0,2,0.9984609465178915,0,0,0,0,23,0,93,0,2248,300,47,4,0,4,0.0015390534821085034,0,1588,664,347,1011,35.01346671796845,0.7695267410542517,156.98345517506732,cc64_before_first_onset|cc64_at_or_after_last_onset,15.301181483633547,291.93373852610824,False,False
15-2.mid,third_party/PianistTransformer/data/midis/testset/human/15-2.mid,analyzed,,0,384,1,2642,2587,2586,3093,"{""0"": 3093}","{""0"": 3093}","{""0"": 2642}",0,0,0,0,35,0,3.956993906249977,126,126,252,125,125,250,0,2,0.9984532095901005,0,0,2,2,5,2,33,4,124,124,248,123,123,246,0,2,0.9984532095901005,0,0,0,0,2,0,30,2,119,119,238,118,118,236,0,2,0.9984532095901005,0,0,0,0,2,0,25,0,2380,166,36,4,0,4,0.0015467904098994587,0,2070,312,204,516,12.761020881670534,1.5467904098994587,97.4477958236659,cc64_at_or_after_last_onset,15.301181483633547,291.93373852610824,False,False
16-0.mid,third_party/PianistTransformer/data/midis/testset/human/16-0.mid,analyzed,,1,384,1,636,595,594,1090,"{""0"": 1090}","{""1"": 1090}","{""0"": 636}",0,0,0,26,41,0,1.3216145833333321,45,45,90,44,44,88,1,1,1.0,0,0,1,1,14,2,32,2,44,44,88,43,43,86,1,1,1.0,0,0,0,0,11,0,27,0,43,43,86,42,42,84,1,1,1.0,0,0,0,0,8,0,23,0,530,40,24,0,0,0,0.0,0,202,329,63,392,53.872053872053876,3.367003367003367,151.5151515151515,cc64_before_first_onset|cc64_at_or_after_last_onset,15.301181483633547,291.93373852610824,False,False
16-1.mid,third_party/PianistTransformer/data/midis/testset/human/16-1.mid,analyzed,,1,480,1,629,542,541,517,"{""0"": 517}","{""1"": 517}","{""0"": 629}",0,0,0,7,3,0,1.0718749999999986,43,43,86,42,43,85,0,1,1.0,0,0,3,2,32,6,39,6,43,43,86,42,43,85,0,1,1.0,0,0,2,1,28,4,40,5,38,38,76,37,38,75,0,1,1.0,0,0,1,0,23,0,35,1,469,59,13,0,0,0,0.0,0,185,287,69,356,72.08872458410352,11.090573012939002,158.9648798521257,cc64_before_first_onset|cc64_at_or_after_last_onset,15.301181483633547,291.93373852610824,False,False
17-0.mid,third_party/PianistTransformer/data/midis/testset/human/17-0.mid,analyzed,,1,480,1,4095,3964,3963,2395,"{""0"": 2395}","{""1"": 2395}","{""0"": 4095}",0,0,0,43,2,0,1.325000000000017,320,320,640,319,319,638,1,1,0.9997476659096644,1,1,1,1,77,1,363,1,319,319,638,318,318,636,1,1,0.9997476659096644,0,0,0,0,71,0,365,0,319,319,638,318,318,636,1,1,0.9997476659096644,0,0,0,0,53,0,365,0,3367,555,40,1,0,1,0.00025233409033560434,0,1012,2365,586,2951,91.59727479182438,0.25233409033560433,161.49381781478678,cc64_before_first_onset|cc64_at_or_after_last_onset,15.301181483633547,291.93373852610824,False,False
17-1.mid,third_party/PianistTransformer/data/midis/testset/human/17-1.mid,analyzed,,1,384,1,4454,4256,4255,2677,"{""0"": 2677}","{""1"": 2677}","{""0"": 4454}",0,0,0,8,3,0,0.9081187500000283,321,321,642,320,320,640,1,1,1.0,18,15,55,27,244,27,356,28,308,308,616,307,307,614,1,1,1.0,7,3,35,9,233,9,341,9,286,286,572,285,285,570,1,1,1.0,2,0,18,0,211,0,310,0,3693,484,78,0,0,0,0.0,0,560,3146,549,3695,83.6662749706228,6.580493537015276,150.8813160987074,cc64_before_first_onset|cc64_at_or_after_last_onset,15.301181483633547,291.93373852610824,False,False
17-2.mid,third_party/PianistTransformer/data/midis/testset/human/17-2.mid,analyzed,,1,480,1,4252,4127,4126,2358,"{""0"": 2358}","{""1"": 2358}","{""0"": 4252}",0,0,0,8,3,0,1.6132431041666848,310,310,620,309,309,618,1,1,0.9997576345128454,3,2,15,6,170,10,306,10,309,309,618,308,308,616,1,1,0.9997576345128454,2,1,11,4,160,6,305,6,303,303,606,302,302,604,1,1,0.9997576345128454,1,0,5,0,152,0,303,0,3594,447,84,1,0,1,0.0002423654871546292,0,761,2852,513,3365,74.16383906931652,2.423654871546292,150.26660203587008,cc64_before_first_onset|cc64_at_or_after_last_onset,15.301181483633547,291.93373852610824,False,False
17-3.mid,third_party/PianistTransformer/data/midis/testset/human/17-3.mid,analyzed,,1,384,1,4057,3905,3904,5868,"{""0"": 5868}","{""1"": 5868}","{""0"": 4057}",0,0,0,31,18,0,2.1419270833332575,289,289,578,288,288,576,1,1,1.0,5,4,12,5,126,5,256,5,288,288,576,287,287,574,1,1,1.0,1,1,5,1,102,2,252,2,284,284,568,283,283,566,1,1,1.0,0,0,1,0,77,0,233,0,3384,464,56,0,0,0,0.0,0,1049,2355,500,2855,65.57377049180327,1.2807377049180328,148.05327868852459,cc64_before_first_onset|cc64_at_or_after_last_onset,15.301181483633547,291.93373852610824,False,False
17-4.mid,third_party/PianistTransformer/data/midis/testset/human/17-4.mid,analyzed,,1,384,1,4096,3947,3946,2917,"{""0"": 2917}","{""1"": 2917}","{""0"": 4096}",0,0,0,1,4,0,0.8680546875000061,267,267,534,266,266,532,1,1,1.0,2,2,8,8,190,11,248,11,267,267,534,266,266,532,1,1,1.0,1,1,8,7,181,9,250,9,255,255,510,254,254,508,1,1,1.0,0,0,2,0,166,0,238,0,3492,376,78,0,0,0,0.0,0,882,2623,441,3064,62.84845413076533,2.787633046122656,135.32691332995438,cc64_before_first_onset|cc64_at_or_after_last_onset,15.301181483633547,291.93373852610824,False,False
17-5.mid,third_party/PianistTransformer/data/midis/testset/human/17-5.mid,analyzed,,1,384,1,4142,3966,3965,3686,"{""0"": 3686}","{""1"": 3686}","{""0"": 4142}",0,0,0,8,11,0,2.2743032812500132,262,262,524,261,262,523,0,1,0.9989911727616646,25,24,87,63,205,91,252,92,233,233,466,232,233,465,0,1,0.9989911727616646,4,3,31,15,160,49,224,53,174,174,348,173,174,347,0,1,0.9989911727616646,0,0,8,0,96,0,158,0,3545,321,95,4,0,4,0.001008827238335435,0,529,3024,412,3436,63.55611601513241,23.203026481715007,132.156368221942,cc64_before_first_onset|cc64_at_or_after_last_onset,15.301181483633547,291.93373852610824,True,False
17-6.mid,third_party/PianistTransformer/data/midis/testset/human/17-6.mid,analyzed,,0,384,1,4311,4142,4141,5238,"{""0"": 5238}","{""0"": 5238}","{""0"": 4311}",0,0,0,0,13,0,2.0192287499999964,284,284,568,283,284,567,0,1,1.0,11,9,48,10,184,14,292,16,275,275,550,274,275,549,0,1,1.0,0,0,14,0,149,5,282,6,261,261,522,260,261,521,0,1,1.0,0,0,3,0,90,0,251,0,3659,397,85,0,0,0,0.0,0,541,3127,473,3600,70.51436851002174,3.863801014247766,137.1649360057957,cc64_at_or_after_last_onset,15.301181483633547,291.93373852610824,False,False
17-7.mid,third_party/PianistTransformer/data/midis/testset/human/17-7.mid,analyzed,,1,384,1,4169,4037,4036,2256,"{""0"": 2256}","{""1"": 2256}","{""0"": 4169}",0,0,0,10,11,0,1.2447916666666572,320,320,640,319,319,638,1,1,0.9997522299306244,16,9,38,12,227,15,349,16,313,313,626,312,312,624,1,1,0.9997522299306244,10,6,34,7,216,8,339,8,298,298,596,297,297,594,1,1,0.9997522299306244,4,0,25,0,204,0,309,0,3457,521,57,1,0,1,0.0002477700693756194,0,994,2490,552,3042,86.47175421209118,3.964321110009911,158.57284440039643,cc64_before_first_onset|cc64_at_or_after_last_onset,15.301181483633547,291.93373852610824,False,False
17-8.mid,third_party/PianistTransformer/data/midis/testset/human/17-8.mid,analyzed,,1,480,1,4426,4276,4275,3729,"{""0"": 3729}","{""1"": 3729}","{""0"": 4426}",0,0,0,8,15,0,2.939093893750055,320,320,640,318,318,636,1,3,0.9997660818713451,8,8,19,10,137,15,320,21,311,311,622,309,309,618,1,3,0.9997660818713451,1,0,13,2,119,6,305,9,297,297,594,295,295,590,1,3,0.9997660818713451,1,0,9,0,98,0,282,0,3703,509,62,1,0,1,0.00023391812865497077,0,1014,2698,563,3261,74.85380116959064,4.912280701754386,149.70760233918128,cc64_before_first_onset|cc64_at_or_after_last_onset,15.301181483633547,291.93373852610824,False,False
17-9.mid,third_party/PianistTransformer/data/midis/testset/human/17-9.mid,analyzed,,1,384,1,4220,4020,4019,2364,"{""0"": 2364}","{""1"": 2364}","{""0"": 4220}",0,0,0,8,2,0,1.412925937500006,312,312,624,311,311,622,1,1,1.0,2,2,3,2,119,3,313,3,311,311,622,310,310,620,1,1,1.0,1,1,3,1,109,2,309,2,308,308,616,307,307,614,1,1,1.0,0,0,0,0,97,0,297,0,3462,492,65,0,0,0,0.0,0,933,2548,538,3086,77.88006966907191,0.7464543418760886,155.26250311022642,cc64_before_first_onset|cc64_at_or_after_last_onset,15.301181483633547,291.93373852610824,False,False
17-10.mid,third_party/PianistTransformer/data/midis/testset/human/17-10.mid,analyzed,,0,384,1,4047,3882,3881,2138,"{""0"": 2138}","{""0"": 2138}","{""0"": 4047}",0,0,0,0,3,0,1.2339731250000057,249,249,498,248,249,497,0,1,1.0,3,3,24,3,200,4,228,4,247,247,494,246,247,493,0,1,1.0,0,0,18,1,185,2,225,2,245,245,490,244,245,489,0,1,1.0,0,0,7,0,173,0,227,0,3467,331,83,0,0,0,0.0,0,755,2724,402,3126,58.74774542643649,1.030662200463798,128.31744395774285,cc64_at_or_after_last_onset,15.301181483633547,291.93373852610824,False,False
17-11.mid,third_party/PianistTransformer/data/midis/testset/human/17-11.mid,analyzed,,0,384,1,4047,3882,3881,2138,"{""0"": 2138}","{""0"": 2138}","{""0"": 4047}",0,0,0,0,3,0,1.2339731250000057,249,249,498,248,249,497,0,1,1.0,3,3,24,3,200,4,228,4,247,247,494,246,247,493,0,1,1.0,0,0,18,1,185,2,225,2,245,245,490,244,245,489,0,1,1.0,0,0,7,0,173,0,227,0,3467,331,83,0,0,0,0.0,0,755,2724,402,3126,58.74774542643649,1.030662200463798,128.31744395774285,cc64_at_or_after_last_onset,15.301181483633547,291.93373852610824,False,False
17-12.mid,third_party/PianistTransformer/data/midis/testset/human/17-12.mid,analyzed,,1,480,1,4299,4164,4163,2340,"{""0"": 2340}","{""1"": 2340}","{""0"": 4299}",0,0,0,0,11,0,2.6559750708333354,264,264,528,263,264,527,0,1,0.9995195772279606,11,2,46,5,166,7,240,7,260,260,520,259,260,519,0,1,0.9995195772279606,10,1,41,4,155,4,236,4,256,256,512,255,256,511,0,1,0.9992793658419409,6,0,38,0,145,0,229,0,3712,378,71,1,1,2,0.00048042277203939464,1,658,3066,439,3505,57.65073264472736,1.6814797021378813,126.83161181840019,opposite_transitions_at_same_timestamp|cc64_at_or_after_last_onset,15.301181483633547,291.93373852610824,False,False
17-13.mid,third_party/PianistTransformer/data/midis/testset/human/17-13.mid,analyzed,,1,384,1,4181,3997,3996,4053,"{""0"": 4053}","{""1"": 4053}","{""0"": 4181}",0,0,0,0,13,0,1.9965257812499715,305,305,610,304,305,609,0,1,1.0,8,7,29,23,155,41,306,49,280,280,560,279,280,559,0,1,1.0,0,0,15,5,115,11,259,14,262,262,524,261,262,523,0,1,1.0,0,0,5,0,85,0,221,0,3477,429,90,0,0,0,0.0,0,878,2606,512,3118,76.57657657657657,12.262262262262261,152.65265265265265,cc64_at_or_after_last_onset,15.301181483633547,291.93373852610824,False,False
17-14.mid,third_party/PianistTransformer/data/midis/testset/human/17-14.mid,analyzed,,0,384,1,4435,4276,4275,3862,"{""0"": 3862}","{""0"": 3862}","{""0"": 4435}",0,0,0,0,4,0,1.6279364062500008,285,285,570,284,285,569,0,1,0.99953216374269,22,21,107,51,233,64,269,66,261,261,522,260,261,521,0,1,0.99953216374269,4,3,69,13,201,24,244,25,223,223,446,222,223,445,0,1,0.99953216374269,1,0,38,1,158,1,204,1,3791,401,81,2,0,2,0.00046783625730994154,0,548,3264,463,3727,62.92397660818713,15.43859649122807,133.33333333333334,cc64_at_or_after_last_onset,15.301181483633547,291.93373852610824,True,False
17-15.mid,third_party/PianistTransformer/data/midis/testset/human/17-15.mid,analyzed,,0,384,1,4188,4059,4058,3011,"{""0"": 3011}","{""0"": 3011}","{""0"": 4188}",0,0,0,8,1,0,1.8709917187500196,290,290,580,289,289,578,1,1,0.9997535731887629,5,4,32,15,163,23,277,24,278,278,556,277,277,554,1,1,0.9995071463775259,0,0,15,7,137,11,263,11,267,267,534,266,266,532,1,1,0.9997535731887629,0,0,8,2,123,2,259,2,3557,425,75,1,0,1,0.0002464268112370626,0,566,3003,489,3492,68.26022671266634,5.914243469689502,142.92755051749631,cc64_before_first_onset|cc64_at_or_after_last_onset,15.301181483633547,291.93373852610824,False,False
17-16.mid,third_party/PianistTransformer/data/midis/testset/human/17-16.mid,analyzed,,0,384,1,4142,3944,3943,3118,"{""0"": 3118}","{""0"": 3118}","{""0"": 4142}",0,0,0,8,4,0,1.0763878124999735,269,269,538,268,268,536,1,1,0.9997463860005072,1,0,22,0,144,2,239,4,267,267,534,266,266,532,1,1,0.9997463860005072,1,0,15,0,139,2,234,2,261,261,522,260,260,520,1,1,0.9997463860005072,1,0,11,0,133,0,219,0,3453,445,44,1,0,1,0.000253613999492772,0,862,2606,475,3081,60.613745878772505,1.014455997971088,136.44433172711135,cc64_before_first_onset|cc64_at_or_after_last_onset,15.301181483633547,291.93373852610824,False,False
18-0.mid,third_party/PianistTransformer/data/midis/testset/human/18-0.mid,analyzed,,1,384,1,3975,3897,3896,11926,"{""0"": 11926}","{""1"": 11926}","{""0"": 3975}",0,0,0,1,11,1,7.440104166666629,574,574,1148,572,572,1144,1,3,0.9892197125256673,0,0,10,9,109,16,353,19,569,569,1138,567,567,1134,1,3,0.9887063655030801,0,0,5,4,83,10,338,14,554,554,1108,552,552,1104,1,3,0.9887063655030801,0,0,0,0,72,0,300,0,3073,568,213,18,24,42,0.010780287474332649,0,862,2219,815,3034,90.60574948665298,4.876796714579055,294.66119096509243,cc64_before_first_onset|cc64_at_or_after_last_onset|ioi_longer_than_5_seconds,15.301181483633547,291.93373852610824,False,True
19-0.mid,third_party/PianistTransformer/data/midis/testset/human/19-0.mid,analyzed,,0,480,1,1386,1340,1339,4815,"{""0"": 4815}","{""0"": 4815}","{""0"": 1386}",0,0,0,1,10,0,2.3518749999999784,183,183,366,182,183,365,0,1,0.9985063480209111,0,0,0,0,8,6,66,8,167,167,334,166,167,333,0,1,0.9970126960418223,0,0,0,0,3,3,40,7,145,145,290,144,145,289,0,1,0.9992531740104555,0,0,0,0,3,0,18,0,1009,297,31,2,0,2,0.0014936519790888724,0,610,412,317,729,49.290515309932786,5.974607916355489,273.3383121732636,cc64_before_first_onset|cc64_at_or_after_last_onset,15.301181483633547,291.93373852610824,False,False
19-1.mid,third_party/PianistTransformer/data/midis/testset/human/19-1.mid,analyzed,,0,480,1,1377,1342,1341,7060,"{""0"": 7060}","{""0"": 7060}","{""0"": 1377}",0,0,0,8,74,0,2.6946874999999864,204,204,408,202,202,404,1,3,0.9970171513795675,0,0,1,1,8,7,46,10,181,181,362,179,179,358,1,3,0.9985085756897838,0,0,0,0,3,2,29,4,167,167,334,166,166,332,1,1,0.9985085756897838,0,0,0,0,0,0,19,0,1014,254,69,4,0,4,0.002982848620432513,0,530,494,317,811,34.3027591349739,7.457121551081283,304.2505592841163,cc64_before_first_onset|cc64_at_or_after_last_onset,15.301181483633547,291.93373852610824,False,True
20-0.mid,third_party/PianistTransformer/data/midis/testset/human/20-0.mid,analyzed,,0,384,1,3280,3163,3162,4033,"{""0"": 4033}","{""0"": 4033}","{""0"": 3280}",0,0,0,0,13,0,1.1912381250000124,239,239,478,237,238,475,0,3,0.9996837444655281,0,0,2,2,17,10,173,27,217,217,434,215,216,431,0,3,0.9996837444655281,0,0,1,1,9,2,156,7,208,208,416,206,207,413,0,3,0.9996837444655281,0,0,0,0,10,0,151,0,2708,434,19,1,0,1,0.00031625553447185326,0,1963,757,442,1199,54.71220746363061,8.538899430740038,151.17014547754584,cc64_at_or_after_last_onset,15.301181483633547,291.93373852610824,False,False
20-1.mid,third_party/PianistTransformer/data/midis/testset/human/20-1.mid,analyzed,,0,384,1,3314,3194,3193,2814,"{""0"": 2814}","{""0"": 2814}","{""0"": 3314}",0,0,0,0,8,0,0.9909178125000011,219,219,438,218,218,436,0,2,1.0,3,3,6,4,58,8,158,16,210,210,420,209,209,418,0,2,1.0,1,0,3,0,54,3,152,5,198,198,396,197,197,394,0,2,1.0,0,0,2,0,50,0,146,0,2792,366,35,0,0,0,0.0,0,1802,995,396,1391,49.48324459755715,5.010961478233636,137.1750704666458,cc64_at_or_after_last_onset,15.301181483633547,291.93373852610824,False,False
20-2.mid,third_party/PianistTransformer/data/midis/testset/human/20-2.mid,analyzed,,0,480,1,3295,3211,3210,590,"{""0"": 590}","{""0"": 590}","{""0"": 3295}",0,0,0,0,6,0,1.0192297499999938,29,29,58,28,28,56,0,2,1.0,0,0,0,0,0,0,6,3,27,27,54,26,26,52,0,2,1.0,0,0,0,0,0,0,4,1,25,25,50,24,24,48,0,2,1.0,0,0,0,0,0,0,4,0,3160,44,6,0,0,0,0.0,0,3106,54,50,104,1.8691588785046729,0.9345794392523364,18.068535825545172,cc64_at_or_after_last_onset,15.301181483633547,291.93373852610824,False,False
20-3.mid,third_party/PianistTransformer/data/midis/testset/human/20-3.mid,analyzed,,0,384,1,3306,3207,3206,5249,"{""0"": 5249}","{""0"": 5249}","{""0"": 3306}",0,0,0,0,23,0,1.2994110937499954,267,267,534,267,267,534,0,0,0.9996880848409233,0,0,0,0,25,1,186,1,267,267,534,267,267,534,0,0,0.9996880848409233,0,0,0,0,15,1,186,1,267,267,534,267,267,534,0,0,1.0,0,0,0,0,6,0,182,0,2691,497,17,1,0,1,0.00031191515907673113,0,1431,1276,499,1775,58.01621958827199,0.3119151590767311,166.56269494697443,cc64_at_or_after_last_onset,15.301181483633547,291.93373852610824,False,False
20-4.mid,third_party/PianistTransformer/data/midis/testset/human/20-4.mid,analyzed,,0,384,1,3328,3206,3205,6754,"{""0"": 6754}","{""0"": 6754}","{""0"": 3328}",0,0,0,8,34,0,1.2820499999999981,280,280,560,279,279,558,0,2,1.0,1,1,3,3,35,12,192,37,256,256,512,255,255,510,0,2,1.0,0,0,0,0,18,1,159,13,226,226,452,225,225,450,0,2,1.0,0,0,0,0,14,0,139,0,2681,490,34,0,0,0,0.0,0,2013,672,520,1192,59.90639625585023,11.544461778471138,174.7269890795632,cc64_before_first_onset|cc64_at_or_after_last_onset,15.301181483633547,291.93373852610824,False,False
21-0.mid,third_party/PianistTransformer/data/midis/testset/human/21-0.mid,analyzed,,0,384,1,5116,5030,5029,1223,"{""0"": 1223}","{""0"": 1223}","{""0"": 5116}",0,0,0,8,38,0,2.1874978124999984,58,58,116,57,57,114,1,1,1.0,0,0,0,0,22,0,42,2,57,57,114,56,56,112,1,1,1.0,0,0,0,0,16,0,37,1,56,56,112,55,55,110,1,1,1.0,0,0,0,0,14,0,31,0,4936,72,21,0,0,0,0.0,0,67,4874,88,4962,8.35156094651024,0.39769337840524954,23.066215947504475,cc64_before_first_onset|cc64_at_or_after_last_onset,15.301181483633547,291.93373852610824,False,False
21-1.mid,third_party/PianistTransformer/data/midis/testset/human/21-1.mid,analyzed,,0,384,1,5116,5030,5029,1223,"{""0"": 1223}","{""0"": 1223}","{""0"": 5116}",0,0,0,8,38,0,2.1874978124999984,58,58,116,57,57,114,1,1,1.0,0,0,0,0,22,0,42,2,57,57,114,56,56,112,1,1,1.0,0,0,0,0,16,0,37,1,56,56,112,55,55,110,1,1,1.0,0,0,0,0,14,0,31,0,4936,72,21,0,0,0,0.0,0,67,4874,88,4962,8.35156094651024,0.39769337840524954,23.066215947504475,cc64_before_first_onset|cc64_at_or_after_last_onset,15.301181483633547,291.93373852610824,False,False
21-2.mid,third_party/PianistTransformer/data/midis/testset/human/21-2.mid,analyzed,,0,384,1,5116,5030,5029,1223,"{""0"": 1223}","{""0"": 1223}","{""0"": 5116}",0,0,0,8,38,0,2.1874978124999984,58,58,116,57,57,114,1,1,1.0,0,0,0,0,22,0,42,2,57,57,114,56,56,112,1,1,1.0,0,0,0,0,16,0,37,1,56,56,112,55,55,110,1,1,1.0,0,0,0,0,14,0,31,0,4936,72,21,0,0,0,0.0,0,67,4874,88,4962,8.35156094651024,0.39769337840524954,23.066215947504475,cc64_before_first_onset|cc64_at_or_after_last_onset,15.301181483633547,291.93373852610824,False,False
21-3.mid,third_party/PianistTransformer/data/midis/testset/human/21-3.mid,analyzed,,0,384,1,4831,4768,4767,1533,"{""0"": 1533}","{""0"": 1533}","{""0"": 4831}",0,0,0,8,98,0,1.6813551562499924,118,118,236,117,117,234,1,1,0.999790224459828,7,7,16,12,56,14,99,14,111,111,222,110,110,220,1,1,0.999790224459828,0,0,3,1,40,6,89,6,103,103,206,102,102,204,1,1,0.999790224459828,0,0,0,0,29,0,81,0,4591,119,56,1,0,1,0.00020977554017201594,0,61,4536,170,4706,20.767778477029577,2.9368575624082234,49.50702748059576,cc64_before_first_onset|cc64_at_or_after_last_onset,15.301181483633547,291.93373852610824,False,False
21-4.mid,third_party/PianistTransformer/data/midis/testset/human/21-4.mid,analyzed,,0,384,1,4831,4768,4767,1533,"{""0"": 1533}","{""0"": 1533}","{""0"": 4831}",0,0,0,8,98,0,1.6813551562499924,118,118,236,117,117,234,1,1,0.999790224459828,7,7,16,12,56,14,99,14,111,111,222,110,110,220,1,1,0.999790224459828,0,0,3,1,40,6,89,6,103,103,206,102,102,204,1,1,0.999790224459828,0,0,0,0,29,0,81,0,4591,119,56,1,0,1,0.00020977554017201594,0,61,4536,170,4706,20.767778477029577,2.9368575624082234,49.50702748059576,cc64_before_first_onset|cc64_at_or_after_last_onset,15.301181483633547,291.93373852610824,False,False
21-5.mid,third_party/PianistTransformer/data/midis/testset/human/21-5.mid,analyzed,,0,384,1,4831,4768,4767,1533,"{""0"": 1533}","{""0"": 1533}","{""0"": 4831}",0,0,0,8,98,0,1.6813551562499924,118,118,236,117,117,234,1,1,0.999790224459828,7,7,16,12,56,14,99,14,111,111,222,110,110,220,1,1,0.999790224459828,0,0,3,1,40,6,89,6,103,103,206,102,102,204,1,1,0.999790224459828,0,0,0,0,29,0,81,0,4591,119,56,1,0,1,0.00020977554017201594,0,61,4536,170,4706,20.767778477029577,2.9368575624082234,49.50702748059576,cc64_before_first_onset|cc64_at_or_after_last_onset,15.301181483633547,291.93373852610824,False,False
21-6.mid,third_party/PianistTransformer/data/midis/testset/human/21-6.mid,analyzed,,0,384,1,4831,4768,4767,1533,"{""0"": 1533}","{""0"": 1533}","{""0"": 4831}",0,0,0,8,98,0,1.6813551562499924,118,118,236,117,117,234,1,1,0.999790224459828,7,7,16,12,56,14,99,14,111,111,222,110,110,220,1,1,0.999790224459828,0,0,3,1,40,6,89,6,103,103,206,102,102,204,1,1,0.999790224459828,0,0,0,0,29,0,81,0,4591,119,56,1,0,1,0.00020977554017201594,0,61,4536,170,4706,20.767778477029577,2.9368575624082234,49.50702748059576,cc64_before_first_onset|cc64_at_or_after_last_onset,15.301181483633547,291.93373852610824,False,False
21-7.mid,third_party/PianistTransformer/data/midis/testset/human/21-7.mid,analyzed,,0,384,1,4644,4578,4577,2695,"{""0"": 2695}","{""0"": 2695}","{""0"": 4644}",0,0,0,8,95,0,1.6493039062499975,141,141,282,140,140,280,1,1,1.0,10,9,22,18,77,24,120,24,124,124,248,123,123,246,1,1,1.0,0,0,4,0,44,5,98,6,115,115,230,114,114,228,1,1,1.0,0,0,2,0,28,0,89,0,4367,140,70,0,0,0,0.0,0,94,4277,206,4483,26.218046755516713,5.243609351103343,61.61240987546428,cc64_before_first_onset|cc64_at_or_after_last_onset,15.301181483633547,291.93373852610824,False,False
21-8.mid,third_party/PianistTransformer/data/midis/testset/human/21-8.mid,analyzed,,0,384,1,4644,4578,4577,2695,"{""0"": 2695}","{""0"": 2695}","{""0"": 4644}",0,0,0,8,95,0,1.6493039062499975,141,141,282,140,140,280,1,1,1.0,10,9,22,18,77,24,120,24,124,124,248,123,123,246,1,1,1.0,0,0,4,0,44,5,98,6,115,115,230,114,114,228,1,1,1.0,0,0,2,0,28,0,89,0,4367,140,70,0,0,0,0.0,0,94,4277,206,4483,26.218046755516713,5.243609351103343,61.61240987546428,cc64_before_first_onset|cc64_at_or_after_last_onset,15.301181483633547,291.93373852610824,False,False
21-9.mid,third_party/PianistTransformer/data/midis/testset/human/21-9.mid,analyzed,,0,384,1,4644,4578,4577,2695,"{""0"": 2695}","{""0"": 2695}","{""0"": 4644}",0,0,0,8,95,0,1.6493039062499975,141,141,282,140,140,280,1,1,1.0,10,9,22,18,77,24,120,24,124,124,248,123,123,246,1,1,1.0,0,0,4,0,44,5,98,6,115,115,230,114,114,228,1,1,1.0,0,0,2,0,28,0,89,0,4367,140,70,0,0,0,0.0,0,94,4277,206,4483,26.218046755516713,5.243609351103343,61.61240987546428,cc64_before_first_onset|cc64_at_or_after_last_onset,15.301181483633547,291.93373852610824,False,False
21-10.mid,third_party/PianistTransformer/data/midis/testset/human/21-10.mid,analyzed,,0,384,1,4644,4578,4577,2695,"{""0"": 2695}","{""0"": 2695}","{""0"": 4644}",0,0,0,8,95,0,1.6493039062499975,141,141,282,140,140,280,1,1,1.0,10,9,22,18,77,24,120,24,124,124,248,123,123,246,1,1,1.0,0,0,4,0,44,5,98,6,115,115,230,114,114,228,1,1,1.0,0,0,2,0,28,0,89,0,4367,140,70,0,0,0,0.0,0,94,4277,206,4483,26.218046755516713,5.243609351103343,61.61240987546428,cc64_before_first_onset|cc64_at_or_after_last_onset,15.301181483633547,291.93373852610824,False,False
21-11.mid,third_party/PianistTransformer/data/midis/testset/human/21-11.mid,analyzed,,0,384,1,4644,4578,4577,2695,"{""0"": 2695}","{""0"": 2695}","{""0"": 4644}",0,0,0,8,95,0,1.6493039062499975,141,141,282,140,140,280,1,1,1.0,10,9,22,18,77,24,120,24,124,124,248,123,123,246,1,1,1.0,0,0,4,0,44,5,98,6,115,115,230,114,114,228,1,1,1.0,0,0,2,0,28,0,89,0,4367,140,70,0,0,0,0.0,0,94,4277,206,4483,26.218046755516713,5.243609351103343,61.61240987546428,cc64_before_first_onset|cc64_at_or_after_last_onset,15.301181483633547,291.93373852610824,False,False
21-12.mid,third_party/PianistTransformer/data/midis/testset/human/21-12.mid,analyzed,,0,384,1,4644,4578,4577,2695,"{""0"": 2695}","{""0"": 2695}","{""0"": 4644}",0,0,0,8,95,0,1.6493039062499975,141,141,282,140,140,280,1,1,1.0,10,9,22,18,77,24,120,24,124,124,248,123,123,246,1,1,1.0,0,0,4,0,44,5,98,6,115,115,230,114,114,228,1,1,1.0,0,0,2,0,28,0,89,0,4367,140,70,0,0,0,0.0,0,94,4277,206,4483,26.218046755516713,5.243609351103343,61.61240987546428,cc64_before_first_onset|cc64_at_or_after_last_onset,15.301181483633547,291.93373852610824,False,False
21-13.mid,third_party/PianistTransformer/data/midis/testset/human/21-13.mid,analyzed,,0,384,1,4644,4578,4577,2695,"{""0"": 2695}","{""0"": 2695}","{""0"": 4644}",0,0,0,8,95,0,1.6493039062499975,141,141,282,140,140,280,1,1,1.0,10,9,22,18,77,24,120,24,124,124,248,123,123,246,1,1,1.0,0,0,4,0,44,5,98,6,115,115,230,114,114,228,1,1,1.0,0,0,2,0,28,0,89,0,4367,140,70,0,0,0,0.0,0,94,4277,206,4483,26.218046755516713,5.243609351103343,61.61240987546428,cc64_before_first_onset|cc64_at_or_after_last_onset,15.301181483633547,291.93373852610824,False,False
21-14.mid,third_party/PianistTransformer/data/midis/testset/human/21-14.mid,analyzed,,0,384,1,4644,4578,4577,2695,"{""0"": 2695}","{""0"": 2695}","{""0"": 4644}",0,0,0,8,95,0,1.6493039062499975,141,141,282,140,140,280,1,1,1.0,10,9,22,18,77,24,120,24,124,124,248,123,123,246,1,1,1.0,0,0,4,0,44,5,98,6,115,115,230,114,114,228,1,1,1.0,0,0,2,0,28,0,89,0,4367,140,70,0,0,0,0.0,0,94,4277,206,4483,26.218046755516713,5.243609351103343,61.61240987546428,cc64_before_first_onset|cc64_at_or_after_last_onset,15.301181483633547,291.93373852610824,False,False
22-0.mid,third_party/PianistTransformer/data/midis/testset/human/22-0.mid,analyzed,,1,384,1,1834,1798,1797,2112,"{""0"": 2112}","{""1"": 2112}","{""0"": 1834}",0,0,0,10,11,0,1.3138020833333357,252,253,505,251,251,502,1,2,1.0,1,1,3,1,97,1,203,1,251,252,503,250,250,500,1,2,1.0,0,0,3,0,89,0,194,0,251,252,503,250,250,500,1,2,1.0,0,0,1,0,82,0,190,0,1317,458,22,0,0,0,0.0,0,358,964,475,1439,112.96605453533667,0.5564830272676683,281.0239287701725,cc64_before_first_onset|cc64_at_or_after_last_onset,15.301181483633547,291.93373852610824,False,False
22-1.mid,third_party/PianistTransformer/data/midis/testset/human/22-1.mid,analyzed,,1,384,1,1834,1798,1797,2112,"{""0"": 2112}","{""1"": 2112}","{""0"": 1834}",0,0,0,10,11,0,1.3138020833333357,252,253,505,251,251,502,1,2,1.0,1,1,3,1,97,1,203,1,251,252,503,250,250,500,1,2,1.0,0,0,3,0,89,0,194,0,251,252,503,250,250,500,1,2,1.0,0,0,1,0,82,0,190,0,1317,458,22,0,0,0,0.0,0,358,964,475,1439,112.96605453533667,0.5564830272676683,281.0239287701725,cc64_before_first_onset|cc64_at_or_after_last_onset,15.301181483633547,291.93373852610824,False,False
22-2.mid,third_party/PianistTransformer/data/midis/testset/human/22-2.mid,analyzed,,1,384,1,1829,1789,1788,3912,"{""0"": 3912}","{""1"": 3912}","{""0"": 1829}",0,0,0,1,2,0,1.761718750000007,241,242,483,241,240,481,1,1,0.9994407158836689,1,1,5,4,64,5,218,8,236,237,473,236,235,471,1,1,0.9994407158836689,1,1,2,2,48,3,193,3,229,230,459,229,228,457,1,1,0.9994407158836689,0,0,0,0,38,0,180,0,1327,442,18,1,0,1,0.0005592841163310962,0,249,1087,452,1539,121.92393736017897,4.47427293064877,270.13422818791946,cc64_before_first_onset|cc64_at_or_after_last_onset,15.301181483633547,291.93373852610824,False,False
22-3.mid,third_party/PianistTransformer/data/midis/testset/human/22-3.mid,analyzed,,1,384,1,1829,1789,1788,3912,"{""0"": 3912}","{""1"": 3912}","{""0"": 1829}",0,0,0,1,2,0,1.761718750000007,241,242,483,241,240,481,1,1,0.9994407158836689,1,1,5,4,64,5,218,8,236,237,473,236,235,471,1,1,0.9994407158836689,1,1,2,2,48,3,193,3,229,230,459,229,228,457,1,1,0.9994407158836689,0,0,0,0,38,0,180,0,1327,442,18,1,0,1,0.0005592841163310962,0,249,1087,452,1539,121.92393736017897,4.47427293064877,270.13422818791946,cc64_before_first_onset|cc64_at_or_after_last_onset,15.301181483633547,291.93373852610824,False,False
