raw_release_time,raw_redepress_time,duration_ms,minimum_cc64,preserved,token_release_time,token_redepress_time,release_timing_error_ms,redepress_timing_error_ms,file,candidate_source,relative_path,composer,title,folder
23.389,23.688,298.9999999999995,0,False,nan,nan,nan,nan,C:\Users\eagle\MARG_research\third_party\PianistTransformer\data\midis\asap-dataset-master\Bach\Fugue\bwv_846\Shi05M.mid,asap_metadata_performance,Bach/Fugue/bwv_846/Shi05M.mid,Bach,Fugue_bwv_846,Bach/Fugue/bwv_846
31.908,32.086,177.99999999999727,0,False,nan,nan,nan,nan,C:\Users\eagle\MARG_research\third_party\PianistTransformer\data\midis\asap-dataset-master\Bach\Fugue\bwv_846\Shi05M.mid,asap_metadata_performance,Bach/Fugue/bwv_846/Shi05M.mid,Bach,Fugue_bwv_846,Bach/Fugue/bwv_846
34.354,34.572,218.00000000000352,0,True,34.371,34.595,17.000000000003013,22.999999999996135,C:\Users\eagle\MARG_research\third_party\PianistTransformer\data\midis\asap-dataset-master\Bach\Fugue\bwv_846\Shi05M.mid,asap_metadata_performance,Bach/Fugue/bwv_846/Shi05M.mid,Bach,Fugue_bwv_846,Bach/Fugue/bwv_846
34.99,35.189,198.99999999999807,0,True,35.052,35.207,61.99999999999761,18.000000000000682,C:\Users\eagle\MARG_research\third_party\PianistTransformer\data\midis\asap-dataset-master\Bach\Fugue\bwv_846\Shi05M.mid,asap_metadata_performance,Bach/Fugue/bwv_846/Shi05M.mid,Bach,Fugue_bwv_846,Bach/Fugue/bwv_846
35.596,35.812,216.00000000000108,0,True,35.672,35.831,76.00000000000051,19.000000000005457,C:\Users\eagle\MARG_research\third_party\PianistTransformer\data\midis\asap-dataset-master\Bach\Fugue\bwv_846\Shi05M.mid,asap_metadata_performance,Bach/Fugue/bwv_846/Shi05M.mid,Bach,Fugue_bwv_846,Bach/Fugue/bwv_846
36.258,36.417,158.99999999999892,0,True,36.306,36.46,47.999999999994714,42.99999999999926,C:\Users\eagle\MARG_research\third_party\PianistTransformer\data\midis\asap-dataset-master\Bach\Fugue\bwv_846\Shi05M.mid,asap_metadata_performance,Bach/Fugue/bwv_846/Shi05M.mid,Bach,Fugue_bwv_846,Bach/Fugue/bwv_846
48.389,48.668,278.99999999999636,0,True,48.464,48.692,74.99999999999574,24.00000000000091,C:\Users\eagle\MARG_research\third_party\PianistTransformer\data\midis\asap-dataset-master\Bach\Fugue\bwv_846\Shi05M.mid,asap_metadata_performance,Bach/Fugue/bwv_846/Shi05M.mid,Bach,Fugue_bwv_846,Bach/Fugue/bwv_846
49.004,49.164,160.0000000000037,0,False,nan,nan,nan,nan,C:\Users\eagle\MARG_research\third_party\PianistTransformer\data\midis\asap-dataset-master\Bach\Fugue\bwv_846\Shi05M.mid,asap_metadata_performance,Bach/Fugue/bwv_846/Shi05M.mid,Bach,Fugue_bwv_846,Bach/Fugue/bwv_846
59.013,59.211,198.0000000000004,0,True,59.037,59.274,24.00000000000091,63.00000000000239,C:\Users\eagle\MARG_research\third_party\PianistTransformer\data\midis\asap-dataset-master\Bach\Fugue\bwv_846\Shi05M.mid,asap_metadata_performance,Bach/Fugue/bwv_846/Shi05M.mid,Bach,Fugue_bwv_846,Bach/Fugue/bwv_846
59.596,59.775,179.00000000000205,0,True,59.598,59.828,2.0000000000024443,53.00000000000438,C:\Users\eagle\MARG_research\third_party\PianistTransformer\data\midis\asap-dataset-master\Bach\Fugue\bwv_846\Shi05M.mid,asap_metadata_performance,Bach/Fugue/bwv_846/Shi05M.mid,Bach,Fugue_bwv_846,Bach/Fugue/bwv_846
61.996,62.194,198.0000000000004,0,False,nan,nan,nan,nan,C:\Users\eagle\MARG_research\third_party\PianistTransformer\data\midis\asap-dataset-master\Bach\Fugue\bwv_846\Shi05M.mid,asap_metadata_performance,Bach/Fugue/bwv_846/Shi05M.mid,Bach,Fugue_bwv_846,Bach/Fugue/bwv_846
62.758,63.039,280.9999999999988,0,False,nan,nan,nan,nan,C:\Users\eagle\MARG_research\third_party\PianistTransformer\data\midis\asap-dataset-master\Bach\Fugue\bwv_846\Shi05M.mid,asap_metadata_performance,Bach/Fugue/bwv_846/Shi05M.mid,Bach,Fugue_bwv_846,Bach/Fugue/bwv_846
63.462,63.641,178.99999999999494,0,True,63.516,63.654,53.99999999999494,13.00000000000523,C:\Users\eagle\MARG_research\third_party\PianistTransformer\data\midis\asap-dataset-master\Bach\Fugue\bwv_846\Shi05M.mid,asap_metadata_performance,Bach/Fugue/bwv_846/Shi05M.mid,Bach,Fugue_bwv_846,Bach/Fugue/bwv_846
75.714,75.893,179.00000000000205,0,False,nan,nan,nan,nan,C:\Users\eagle\MARG_research\third_party\PianistTransformer\data\midis\asap-dataset-master\Bach\Fugue\bwv_846\Shi05M.mid,asap_metadata_performance,Bach/Fugue/bwv_846/Shi05M.mid,Bach,Fugue_bwv_846,Bach/Fugue/bwv_846
79.479,79.658,179.00000000000205,0,False,nan,nan,nan,nan,C:\Users\eagle\MARG_research\third_party\PianistTransformer\data\midis\asap-dataset-master\Bach\Fugue\bwv_846\Shi05M.mid,asap_metadata_performance,Bach/Fugue/bwv_846/Shi05M.mid,Bach,Fugue_bwv_846,Bach/Fugue/bwv_846
80.697,80.934,236.99999999999477,0,True,80.847,80.998,149.99999999999147,64.00000000000716,C:\Users\eagle\MARG_research\third_party\PianistTransformer\data\midis\asap-dataset-master\Bach\Fugue\bwv_846\Shi05M.mid,asap_metadata_performance,Bach/Fugue/bwv_846/Shi05M.mid,Bach,Fugue_bwv_846,Bach/Fugue/bwv_846
81.393,81.531,138.00000000000523,0,True,81.401,81.556,7.999999999995566,24.999999999991473,C:\Users\eagle\MARG_research\third_party\PianistTransformer\data\midis\asap-dataset-master\Bach\Fugue\bwv_846\Shi05M.mid,asap_metadata_performance,Bach/Fugue/bwv_846/Shi05M.mid,Bach,Fugue_bwv_846,Bach/Fugue/bwv_846
81.986,82.203,216.99999999999875,0,True,82.117,82.286,131.00000000000023,82.99999999999841,C:\Users\eagle\MARG_research\third_party\PianistTransformer\data\midis\asap-dataset-master\Bach\Fugue\bwv_846\Shi05M.mid,asap_metadata_performance,Bach/Fugue/bwv_846/Shi05M.mid,Bach,Fugue_bwv_846,Bach/Fugue/bwv_846
82.708,82.827,118.99999999999977,0,False,nan,nan,nan,nan,C:\Users\eagle\MARG_research\third_party\PianistTransformer\data\midis\asap-dataset-master\Bach\Fugue\bwv_846\Shi05M.mid,asap_metadata_performance,Bach/Fugue/bwv_846/Shi05M.mid,Bach,Fugue_bwv_846,Bach/Fugue/bwv_846
83.671,83.828,156.99999999999648,0,True,83.704,83.939,32.99999999998704,110.99999999999,C:\Users\eagle\MARG_research\third_party\PianistTransformer\data\midis\asap-dataset-master\Bach\Fugue\bwv_846\Shi05M.mid,asap_metadata_performance,Bach/Fugue/bwv_846/Shi05M.mid,Bach,Fugue_bwv_846,Bach/Fugue/bwv_846
84.988,85.147,159.00000000000603,0,True,84.99,85.22,1.9999999999953388,72.99999999999329,C:\Users\eagle\MARG_research\third_party\PianistTransformer\data\midis\asap-dataset-master\Bach\Fugue\bwv_846\Shi05M.mid,asap_metadata_performance,Bach/Fugue/bwv_846/Shi05M.mid,Bach,Fugue_bwv_846,Bach/Fugue/bwv_846
85.652,85.87,218.00000000000352,0,True,85.706,85.941,54.000000000002046,70.99999999999795,C:\Users\eagle\MARG_research\third_party\PianistTransformer\data\midis\asap-dataset-master\Bach\Fugue\bwv_846\Shi05M.mid,asap_metadata_performance,Bach/Fugue/bwv_846/Shi05M.mid,Bach,Fugue_bwv_846,Bach/Fugue/bwv_846
86.316,86.594,277.9999999999916,0,False,nan,nan,nan,nan,C:\Users\eagle\MARG_research\third_party\PianistTransformer\data\midis\asap-dataset-master\Bach\Fugue\bwv_846\Shi05M.mid,asap_metadata_performance,Bach/Fugue/bwv_846/Shi05M.mid,Bach,Fugue_bwv_846,Bach/Fugue/bwv_846
87.652,87.751,99.00000000000375,0,False,nan,nan,nan,nan,C:\Users\eagle\MARG_research\third_party\PianistTransformer\data\midis\asap-dataset-master\Bach\Fugue\bwv_846\Shi05M.mid,asap_metadata_performance,Bach/Fugue/bwv_846/Shi05M.mid,Bach,Fugue_bwv_846,Bach/Fugue/bwv_846
88.893,89.073,179.9999999999926,0,False,nan,nan,nan,nan,C:\Users\eagle\MARG_research\third_party\PianistTransformer\data\midis\asap-dataset-master\Bach\Fugue\bwv_846\Shi05M.mid,asap_metadata_performance,Bach/Fugue/bwv_846/Shi05M.mid,Bach,Fugue_bwv_846,Bach/Fugue/bwv_846
93.479,93.676,197.00000000000273,0,True,93.481,93.711,1.9999999999953388,34.99999999999659,C:\Users\eagle\MARG_research\third_party\PianistTransformer\data\midis\asap-dataset-master\Bach\Fugue\bwv_846\Shi05M.mid,asap_metadata_performance,Bach/Fugue/bwv_846/Shi05M.mid,Bach,Fugue_bwv_846,Bach/Fugue/bwv_846
95.913,96.094,180.99999999999739,0,False,nan,nan,nan,nan,C:\Users\eagle\MARG_research\third_party\PianistTransformer\data\midis\asap-dataset-master\Bach\Fugue\bwv_846\Shi05M.mid,asap_metadata_performance,Bach/Fugue/bwv_846/Shi05M.mid,Bach,Fugue_bwv_846,Bach/Fugue/bwv_846
100.914,101.07,155.9999999999917,31,True,100.93,101.085,16.000000000005343,15.000000000000568,C:\Users\eagle\MARG_research\third_party\PianistTransformer\data\midis\asap-dataset-master\Bach\Fugue\bwv_846\Shi05M.mid,asap_metadata_performance,Bach/Fugue/bwv_846/Shi05M.mid,Bach,Fugue_bwv_846,Bach/Fugue/bwv_846
101.538,101.776,237.99999999999955,0,True,101.602,101.82,64.00000000000716,43.99999999999693,C:\Users\eagle\MARG_research\third_party\PianistTransformer\data\midis\asap-dataset-master\Bach\Fugue\bwv_846\Shi05M.mid,asap_metadata_performance,Bach/Fugue/bwv_846/Shi05M.mid,Bach,Fugue_bwv_846,Bach/Fugue/bwv_846
103.322,103.52,197.9999999999933,0,False,nan,nan,nan,nan,C:\Users\eagle\MARG_research\third_party\PianistTransformer\data\midis\asap-dataset-master\Bach\Fugue\bwv_846\Shi05M.mid,asap_metadata_performance,Bach/Fugue/bwv_846/Shi05M.mid,Bach,Fugue_bwv_846,Bach/Fugue/bwv_846
110.772,111.009,236.99999999999477,0,True,110.776,111.012,3.9999999999906777,3.0000000000001137,C:\Users\eagle\MARG_research\third_party\PianistTransformer\data\midis\asap-dataset-master\Bach\Fugue\bwv_846\Shi05M.mid,asap_metadata_performance,Bach/Fugue/bwv_846/Shi05M.mid,Bach,Fugue_bwv_846,Bach/Fugue/bwv_846
111.977,112.096,118.99999999999977,0,False,nan,nan,nan,nan,C:\Users\eagle\MARG_research\third_party\PianistTransformer\data\midis\asap-dataset-master\Bach\Fugue\bwv_846\Shi05M.mid,asap_metadata_performance,Bach/Fugue/bwv_846/Shi05M.mid,Bach,Fugue_bwv_846,Bach/Fugue/bwv_846
