file,candidate_source,kind,raw_time_sec,token_time_sec,abs_error_ms,relative_path,composer,title,folder
C:\Users\eagle\MARG_research\third_party\PianistTransformer\data\midis\asap-dataset-master\Bach\Fugue\bwv_846\Shi05M.mid,asap_metadata_performance,down,14.802,14.873,70.99999999999973,Bach/Fugue/bwv_846/Shi05M.mid,Bach,Fugue_bwv_846,Bach/Fugue/bwv_846
C:\Users\eagle\MARG_research\third_party\PianistTransformer\data\midis\asap-dataset-master\Bach\Fugue\bwv_846\Shi05M.mid,asap_metadata_performance,up,15.389,15.428,39.00000000000148,Bach/Fugue/bwv_846/Shi05M.mid,Bach,Fugue_bwv_846,Bach/Fugue/bwv_846
C:\Users\eagle\MARG_research\third_party\PianistTransformer\data\midis\asap-dataset-master\Bach\Fugue\bwv_846\Shi05M.mid,asap_metadata_performance,down,15.487,15.495,7.999999999999119,Bach/Fugue/bwv_846/Shi05M.mid,Bach,Fugue_bwv_846,Bach/Fugue/bwv_846
C:\Users\eagle\MARG_research\third_party\PianistTransformer\data\midis\asap-dataset-master\Bach\Fugue\bwv_846\Shi05M.mid,asap_metadata_performance,up,16.001,16.034,32.9999999999977,Bach/Fugue/bwv_846/Shi05M.mid,Bach,Fugue_bwv_846,Bach/Fugue/bwv_846
C:\Users\eagle\MARG_research\third_party\PianistTransformer\data\midis\asap-dataset-master\Bach\Fugue\bwv_846\Shi05M.mid,asap_metadata_performance,down,16.102,16.164,62.000000000001165,Bach/Fugue/bwv_846/Shi05M.mid,Bach,Fugue_bwv_846,Bach/Fugue/bwv_846
C:\Users\eagle\MARG_research\third_party\PianistTransformer\data\midis\asap-dataset-master\Bach\Fugue\bwv_846\Shi05M.mid,asap_metadata_performance,up,16.625,16.638,13.000000000001677,Bach/Fugue/bwv_846/Shi05M.mid,Bach,Fugue_bwv_846,Bach/Fugue/bwv_846
C:\Users\eagle\MARG_research\third_party\PianistTransformer\data\midis\asap-dataset-master\Bach\Fugue\bwv_846\Shi05M.mid,asap_metadata_performance,down,16.764,16.774,10.000000000001563,Bach/Fugue/bwv_846/Shi05M.mid,Bach,Fugue_bwv_846,Bach/Fugue/bwv_846
C:\Users\eagle\MARG_research\third_party\PianistTransformer\data\midis\asap-dataset-master\Bach\Fugue\bwv_846\Shi05M.mid,asap_metadata_performance,up,17.25,17.308,57.99999999999983,Bach/Fugue/bwv_846/Shi05M.mid,Bach,Fugue_bwv_846,Bach/Fugue/bwv_846
C:\Users\eagle\MARG_research\third_party\PianistTransformer\data\midis\asap-dataset-master\Bach\Fugue\bwv_846\Shi05M.mid,asap_metadata_performance,down,22.083,22.094,11.000000000002785,Bach/Fugue/bwv_846/Shi05M.mid,Bach,Fugue_bwv_846,Bach/Fugue/bwv_846
C:\Users\eagle\MARG_research\third_party\PianistTransformer\data\midis\asap-dataset-master\Bach\Fugue\bwv_846\Shi05M.mid,asap_metadata_performance,up,22.708,22.75,42.00000000000159,Bach/Fugue/bwv_846/Shi05M.mid,Bach,Fugue_bwv_846,Bach/Fugue/bwv_846
C:\Users\eagle\MARG_research\third_party\PianistTransformer\data\midis\asap-dataset-master\Bach\Fugue\bwv_846\Shi05M.mid,asap_metadata_performance,down,22.807,22.822,15.000000000000568,Bach/Fugue/bwv_846/Shi05M.mid,Bach,Fugue_bwv_846,Bach/Fugue/bwv_846
C:\Users\eagle\MARG_research\third_party\PianistTransformer\data\midis\asap-dataset-master\Bach\Fugue\bwv_846\Shi05M.mid,asap_metadata_performance,up,23.352,23.398,45.999999999999375,Bach/Fugue/bwv_846/Shi05M.mid,Bach,Fugue_bwv_846,Bach/Fugue/bwv_846
C:\Users\eagle\MARG_research\third_party\PianistTransformer\data\midis\asap-dataset-master\Bach\Fugue\bwv_846\Shi05M.mid,asap_metadata_performance,down,23.509,23.537,27.999999999998693,Bach/Fugue/bwv_846/Shi05M.mid,Bach,Fugue_bwv_846,Bach/Fugue/bwv_846
C:\Users\eagle\MARG_research\third_party\PianistTransformer\data\midis\asap-dataset-master\Bach\Fugue\bwv_846\Shi05M.mid,asap_metadata_performance,up,23.965,24.006,41.00000000000037,Bach/Fugue/bwv_846/Shi05M.mid,Bach,Fugue_bwv_846,Bach/Fugue/bwv_846
C:\Users\eagle\MARG_research\third_party\PianistTransformer\data\midis\asap-dataset-master\Bach\Fugue\bwv_846\Shi05M.mid,asap_metadata_performance,down,24.143,24.16,16.99999999999946,Bach/Fugue/bwv_846/Shi05M.mid,Bach,Fugue_bwv_846,Bach/Fugue/bwv_846
C:\Users\eagle\MARG_research\third_party\PianistTransformer\data\midis\asap-dataset-master\Bach\Fugue\bwv_846\Shi05M.mid,asap_metadata_performance,up,24.587,24.596,9.000000000000341,Bach/Fugue/bwv_846/Shi05M.mid,Bach,Fugue_bwv_846,Bach/Fugue/bwv_846
C:\Users\eagle\MARG_research\third_party\PianistTransformer\data\midis\asap-dataset-master\Bach\Fugue\bwv_846\Shi05M.mid,asap_metadata_performance,down,24.77,24.798,27.999999999998693,Bach/Fugue/bwv_846/Shi05M.mid,Bach,Fugue_bwv_846,Bach/Fugue/bwv_846
C:\Users\eagle\MARG_research\third_party\PianistTransformer\data\midis\asap-dataset-master\Bach\Fugue\bwv_846\Shi05M.mid,asap_metadata_performance,up,25.147,25.159,12.000000000000455,Bach/Fugue/bwv_846/Shi05M.mid,Bach,Fugue_bwv_846,Bach/Fugue/bwv_846
C:\Users\eagle\MARG_research\third_party\PianistTransformer\data\midis\asap-dataset-master\Bach\Fugue\bwv_846\Shi05M.mid,asap_metadata_performance,down,25.296,25.319,22.999999999999687,Bach/Fugue/bwv_846/Shi05M.mid,Bach,Fugue_bwv_846,Bach/Fugue/bwv_846
C:\Users\eagle\MARG_research\third_party\PianistTransformer\data\midis\asap-dataset-master\Bach\Fugue\bwv_846\Shi05M.mid,asap_metadata_performance,up,25.712,25.715,3.0000000000001137,Bach/Fugue/bwv_846/Shi05M.mid,Bach,Fugue_bwv_846,Bach/Fugue/bwv_846
C:\Users\eagle\MARG_research\third_party\PianistTransformer\data\midis\asap-dataset-master\Bach\Fugue\bwv_846\Shi05M.mid,asap_metadata_performance,down,26.01,26.073,62.999999999998835,Bach/Fugue/bwv_846/Shi05M.mid,Bach,Fugue_bwv_846,Bach/Fugue/bwv_846
C:\Users\eagle\MARG_research\third_party\PianistTransformer\data\midis\asap-dataset-master\Bach\Fugue\bwv_846\Shi05M.mid,asap_metadata_performance,up,26.493,26.555,62.000000000001165,Bach/Fugue/bwv_846/Shi05M.mid,Bach,Fugue_bwv_846,Bach/Fugue/bwv_846
C:\Users\eagle\MARG_research\third_party\PianistTransformer\data\midis\asap-dataset-master\Bach\Fugue\bwv_846\Shi05M.mid,asap_metadata_performance,down,27.75,27.764,13.999999999999346,Bach/Fugue/bwv_846/Shi05M.mid,Bach,Fugue_bwv_846,Bach/Fugue/bwv_846
C:\Users\eagle\MARG_research\third_party\PianistTransformer\data\midis\asap-dataset-master\Bach\Fugue\bwv_846\Shi05M.mid,asap_metadata_performance,up,28.297,28.307,9.99999999999801,Bach/Fugue/bwv_846/Shi05M.mid,Bach,Fugue_bwv_846,Bach/Fugue/bwv_846
C:\Users\eagle\MARG_research\third_party\PianistTransformer\data\midis\asap-dataset-master\Bach\Fugue\bwv_846\Shi05M.mid,asap_metadata_performance,down,28.932,28.954,22.000000000002018,Bach/Fugue/bwv_846/Shi05M.mid,Bach,Fugue_bwv_846,Bach/Fugue/bwv_846
C:\Users\eagle\MARG_research\third_party\PianistTransformer\data\midis\asap-dataset-master\Bach\Fugue\bwv_846\Shi05M.mid,asap_metadata_performance,up,29.477,29.482,4.999999999999005,Bach/Fugue/bwv_846/Shi05M.mid,Bach,Fugue_bwv_846,Bach/Fugue/bwv_846
C:\Users\eagle\MARG_research\third_party\PianistTransformer\data\midis\asap-dataset-master\Bach\Fugue\bwv_846\Shi05M.mid,asap_metadata_performance,down,31.374,31.441,67.00000000000017,Bach/Fugue/bwv_846/Shi05M.mid,Bach,Fugue_bwv_846,Bach/Fugue/bwv_846
C:\Users\eagle\MARG_research\third_party\PianistTransformer\data\midis\asap-dataset-master\Bach\Fugue\bwv_846\Shi05M.mid,asap_metadata_performance,up,31.867,31.978,111.00000000000065,Bach/Fugue/bwv_846/Shi05M.mid,Bach,Fugue_bwv_846,Bach/Fugue/bwv_846
C:\Users\eagle\MARG_research\third_party\PianistTransformer\data\midis\asap-dataset-master\Bach\Fugue\bwv_846\Shi05M.mid,asap_metadata_performance,down,31.987,32.128,141.0000000000018,Bach/Fugue/bwv_846/Shi05M.mid,Bach,Fugue_bwv_846,Bach/Fugue/bwv_846
C:\Users\eagle\MARG_research\third_party\PianistTransformer\data\midis\asap-dataset-master\Bach\Fugue\bwv_846\Shi05M.mid,asap_metadata_performance,up,32.533,32.596,62.99999999999528,Bach/Fugue/bwv_846/Shi05M.mid,Bach,Fugue_bwv_846,Bach/Fugue/bwv_846
C:\Users\eagle\MARG_research\third_party\PianistTransformer\data\midis\asap-dataset-master\Bach\Fugue\bwv_846\Shi05M.mid,asap_metadata_performance,down,33.848,33.902,54.000000000002046,Bach/Fugue/bwv_846/Shi05M.mid,Bach,Fugue_bwv_846,Bach/Fugue/bwv_846
C:\Users\eagle\MARG_research\third_party\PianistTransformer\data\midis\asap-dataset-master\Bach\Fugue\bwv_846\Shi05M.mid,asap_metadata_performance,up,34.315,34.371,56.00000000000449,Bach/Fugue/bwv_846/Shi05M.mid,Bach,Fugue_bwv_846,Bach/Fugue/bwv_846
C:\Users\eagle\MARG_research\third_party\PianistTransformer\data\midis\asap-dataset-master\Bach\Fugue\bwv_846\Shi05M.mid,asap_metadata_performance,down,34.473,34.52,47.00000000000415,Bach/Fugue/bwv_846/Shi05M.mid,Bach,Fugue_bwv_846,Bach/Fugue/bwv_846
C:\Users\eagle\MARG_research\third_party\PianistTransformer\data\midis\asap-dataset-master\Bach\Fugue\bwv_846\Shi05M.mid,asap_metadata_performance,up,34.951,34.975,24.00000000000091,Bach/Fugue/bwv_846/Shi05M.mid,Bach,Fugue_bwv_846,Bach/Fugue/bwv_846
C:\Users\eagle\MARG_research\third_party\PianistTransformer\data\midis\asap-dataset-master\Bach\Fugue\bwv_846\Shi05M.mid,asap_metadata_performance,down,35.111,35.13,19.000000000005457,Bach/Fugue/bwv_846/Shi05M.mid,Bach,Fugue_bwv_846,Bach/Fugue/bwv_846
C:\Users\eagle\MARG_research\third_party\PianistTransformer\data\midis\asap-dataset-master\Bach\Fugue\bwv_846\Shi05M.mid,asap_metadata_performance,up,35.577,35.592,15.000000000000568,Bach/Fugue/bwv_846/Shi05M.mid,Bach,Fugue_bwv_846,Bach/Fugue/bwv_846
C:\Users\eagle\MARG_research\third_party\PianistTransformer\data\midis\asap-dataset-master\Bach\Fugue\bwv_846\Shi05M.mid,asap_metadata_performance,down,35.714,35.752,38.00000000000381,Bach/Fugue/bwv_846/Shi05M.mid,Bach,Fugue_bwv_846,Bach/Fugue/bwv_846
C:\Users\eagle\MARG_research\third_party\PianistTransformer\data\midis\asap-dataset-master\Bach\Fugue\bwv_846\Shi05M.mid,asap_metadata_performance,up,36.208,36.228,20.000000000003126,Bach/Fugue/bwv_846/Shi05M.mid,Bach,Fugue_bwv_846,Bach/Fugue/bwv_846
C:\Users\eagle\MARG_research\third_party\PianistTransformer\data\midis\asap-dataset-master\Bach\Fugue\bwv_846\Shi05M.mid,asap_metadata_performance,down,36.336,36.383,47.00000000000415,Bach/Fugue/bwv_846/Shi05M.mid,Bach,Fugue_bwv_846,Bach/Fugue/bwv_846
C:\Users\eagle\MARG_research\third_party\PianistTransformer\data\midis\asap-dataset-master\Bach\Fugue\bwv_846\Shi05M.mid,asap_metadata_performance,up,36.891,36.941,50.00000000000426,Bach/Fugue/bwv_846/Shi05M.mid,Bach,Fugue_bwv_846,Bach/Fugue/bwv_846
C:\Users\eagle\MARG_research\third_party\PianistTransformer\data\midis\asap-dataset-master\Bach\Fugue\bwv_846\Shi05M.mid,asap_metadata_performance,down,37.691,37.717,25.99999999999625,Bach/Fugue/bwv_846/Shi05M.mid,Bach,Fugue_bwv_846,Bach/Fugue/bwv_846
C:\Users\eagle\MARG_research\third_party\PianistTransformer\data\midis\asap-dataset-master\Bach\Fugue\bwv_846\Shi05M.mid,asap_metadata_performance,up,38.186,38.267,81.00000000000307,Bach/Fugue/bwv_846/Shi05M.mid,Bach,Fugue_bwv_846,Bach/Fugue/bwv_846
C:\Users\eagle\MARG_research\third_party\PianistTransformer\data\midis\asap-dataset-master\Bach\Fugue\bwv_846\Shi05M.mid,asap_metadata_performance,down,39.047,39.07,23.00000000000324,Bach/Fugue/bwv_846/Shi05M.mid,Bach,Fugue_bwv_846,Bach/Fugue/bwv_846
C:\Users\eagle\MARG_research\third_party\PianistTransformer\data\midis\asap-dataset-master\Bach\Fugue\bwv_846\Shi05M.mid,asap_metadata_performance,up,39.573,39.587,14.000000000002899,Bach/Fugue/bwv_846/Shi05M.mid,Bach,Fugue_bwv_846,Bach/Fugue/bwv_846
C:\Users\eagle\MARG_research\third_party\PianistTransformer\data\midis\asap-dataset-master\Bach\Fugue\bwv_846\Shi05M.mid,asap_metadata_performance,down,40.206,40.264,57.99999999999983,Bach/Fugue/bwv_846/Shi05M.mid,Bach,Fugue_bwv_846,Bach/Fugue/bwv_846
C:\Users\eagle\MARG_research\third_party\PianistTransformer\data\midis\asap-dataset-master\Bach\Fugue\bwv_846\Shi05M.mid,asap_metadata_performance,up,40.85,40.852,1.9999999999953388,Bach/Fugue/bwv_846/Shi05M.mid,Bach,Fugue_bwv_846,Bach/Fugue/bwv_846
C:\Users\eagle\MARG_research\third_party\PianistTransformer\data\midis\asap-dataset-master\Bach\Fugue\bwv_846\Shi05M.mid,asap_metadata_performance,down,47.885,47.904,19.000000000005457,Bach/Fugue/bwv_846/Shi05M.mid,Bach,Fugue_bwv_846,Bach/Fugue/bwv_846
C:\Users\eagle\MARG_research\third_party\PianistTransformer\data\midis\asap-dataset-master\Bach\Fugue\bwv_846\Shi05M.mid,asap_metadata_performance,up,48.371,48.387,15.999999999998238,Bach/Fugue/bwv_846/Shi05M.mid,Bach,Fugue_bwv_846,Bach/Fugue/bwv_846
C:\Users\eagle\MARG_research\third_party\PianistTransformer\data\midis\asap-dataset-master\Bach\Fugue\bwv_846\Shi05M.mid,asap_metadata_performance,down,48.569,48.62,50.99999999999483,Bach/Fugue/bwv_846/Shi05M.mid,Bach,Fugue_bwv_846,Bach/Fugue/bwv_846
C:\Users\eagle\MARG_research\third_party\PianistTransformer\data\midis\asap-dataset-master\Bach\Fugue\bwv_846\Shi05M.mid,asap_metadata_performance,up,48.964,48.997,33.00000000000125,Bach/Fugue/bwv_846/Shi05M.mid,Bach,Fugue_bwv_846,Bach/Fugue/bwv_846
C:\Users\eagle\MARG_research\third_party\PianistTransformer\data\midis\asap-dataset-master\Bach\Fugue\bwv_846\Shi05M.mid,asap_metadata_performance,down,49.083,49.154,71.00000000000506,Bach/Fugue/bwv_846/Shi05M.mid,Bach,Fugue_bwv_846,Bach/Fugue/bwv_846
C:\Users\eagle\MARG_research\third_party\PianistTransformer\data\midis\asap-dataset-master\Bach\Fugue\bwv_846\Shi05M.mid,asap_metadata_performance,up,49.632,49.649,17.000000000003013,Bach/Fugue/bwv_846/Shi05M.mid,Bach,Fugue_bwv_846,Bach/Fugue/bwv_846
C:\Users\eagle\MARG_research\third_party\PianistTransformer\data\midis\asap-dataset-master\Bach\Fugue\bwv_846\Shi05M.mid,asap_metadata_performance,down,49.87,49.891,21.000000000000796,Bach/Fugue/bwv_846/Shi05M.mid,Bach,Fugue_bwv_846,Bach/Fugue/bwv_846
C:\Users\eagle\MARG_research\third_party\PianistTransformer\data\midis\asap-dataset-master\Bach\Fugue\bwv_846\Shi05M.mid,asap_metadata_performance,up,50.276,50.326,49.99999999999716,Bach/Fugue/bwv_846/Shi05M.mid,Bach,Fugue_bwv_846,Bach/Fugue/bwv_846
C:\Users\eagle\MARG_research\third_party\PianistTransformer\data\midis\asap-dataset-master\Bach\Fugue\bwv_846\Shi05M.mid,asap_metadata_performance,down,53.454,53.51,55.999999999997385,Bach/Fugue/bwv_846/Shi05M.mid,Bach,Fugue_bwv_846,Bach/Fugue/bwv_846
C:\Users\eagle\MARG_research\third_party\PianistTransformer\data\midis\asap-dataset-master\Bach\Fugue\bwv_846\Shi05M.mid,asap_metadata_performance,up,54.008,54.042,33.99999999999892,Bach/Fugue/bwv_846/Shi05M.mid,Bach,Fugue_bwv_846,Bach/Fugue/bwv_846
C:\Users\eagle\MARG_research\third_party\PianistTransformer\data\midis\asap-dataset-master\Bach\Fugue\bwv_846\Shi05M.mid,asap_metadata_performance,down,54.678,54.678,0.0,Bach/Fugue/bwv_846/Shi05M.mid,Bach,Fugue_bwv_846,Bach/Fugue/bwv_846
C:\Users\eagle\MARG_research\third_party\PianistTransformer\data\midis\asap-dataset-master\Bach\Fugue\bwv_846\Shi05M.mid,asap_metadata_performance,up,55.38,55.413,32.999999999994145,Bach/Fugue/bwv_846/Shi05M.mid,Bach,Fugue_bwv_846,Bach/Fugue/bwv_846
C:\Users\eagle\MARG_research\third_party\PianistTransformer\data\midis\asap-dataset-master\Bach\Fugue\bwv_846\Shi05M.mid,asap_metadata_performance,down,56.094,56.102,7.999999999995566,Bach/Fugue/bwv_846/Shi05M.mid,Bach,Fugue_bwv_846,Bach/Fugue/bwv_846
C:\Users\eagle\MARG_research\third_party\PianistTransformer\data\midis\asap-dataset-master\Bach\Fugue\bwv_846\Shi05M.mid,asap_metadata_performance,up,56.479,56.514,35.000000000003695,Bach/Fugue/bwv_846/Shi05M.mid,Bach,Fugue_bwv_846,Bach/Fugue/bwv_846
C:\Users\eagle\MARG_research\third_party\PianistTransformer\data\midis\asap-dataset-master\Bach\Fugue\bwv_846\Shi05M.mid,asap_metadata_performance,down,56.737,56.751,13.999999999995794,Bach/Fugue/bwv_846/Shi05M.mid,Bach,Fugue_bwv_846,Bach/Fugue/bwv_846
C:\Users\eagle\MARG_research\third_party\PianistTransformer\data\midis\asap-dataset-master\Bach\Fugue\bwv_846\Shi05M.mid,asap_metadata_performance,up,57.133,57.16,26.999999999993918,Bach/Fugue/bwv_846/Shi05M.mid,Bach,Fugue_bwv_846,Bach/Fugue/bwv_846
C:\Users\eagle\MARG_research\third_party\PianistTransformer\data\midis\asap-dataset-master\Bach\Fugue\bwv_846\Shi05M.mid,asap_metadata_performance,down,57.419,57.468,49.000000000006594,Bach/Fugue/bwv_846/Shi05M.mid,Bach,Fugue_bwv_846,Bach/Fugue/bwv_846
C:\Users\eagle\MARG_research\third_party\PianistTransformer\data\midis\asap-dataset-master\Bach\Fugue\bwv_846\Shi05M.mid,asap_metadata_performance,up,57.698,57.761,63.00000000000239,Bach/Fugue/bwv_846/Shi05M.mid,Bach,Fugue_bwv_846,Bach/Fugue/bwv_846
C:\Users\eagle\MARG_research\third_party\PianistTransformer\data\midis\asap-dataset-master\Bach\Fugue\bwv_846\Shi05M.mid,asap_metadata_performance,down,57.777,57.828,51.00000000000193,Bach/Fugue/bwv_846/Shi05M.mid,Bach,Fugue_bwv_846,Bach/Fugue/bwv_846
C:\Users\eagle\MARG_research\third_party\PianistTransformer\data\midis\asap-dataset-master\Bach\Fugue\bwv_846\Shi05M.mid,asap_metadata_performance,up,58.298,58.333,34.99999999999659,Bach/Fugue/bwv_846/Shi05M.mid,Bach,Fugue_bwv_846,Bach/Fugue/bwv_846
C:\Users\eagle\MARG_research\third_party\PianistTransformer\data\midis\asap-dataset-master\Bach\Fugue\bwv_846\Shi05M.mid,asap_metadata_performance,down,58.496,58.551,54.999999999999716,Bach/Fugue/bwv_846/Shi05M.mid,Bach,Fugue_bwv_846,Bach/Fugue/bwv_846
C:\Users\eagle\MARG_research\third_party\PianistTransformer\data\midis\asap-dataset-master\Bach\Fugue\bwv_846\Shi05M.mid,asap_metadata_performance,up,58.973,59.037,64.00000000000006,Bach/Fugue/bwv_846/Shi05M.mid,Bach,Fugue_bwv_846,Bach/Fugue/bwv_846
C:\Users\eagle\MARG_research\third_party\PianistTransformer\data\midis\asap-dataset-master\Bach\Fugue\bwv_846\Shi05M.mid,asap_metadata_performance,down,59.132,59.186,54.000000000002046,Bach/Fugue/bwv_846/Shi05M.mid,Bach,Fugue_bwv_846,Bach/Fugue/bwv_846
C:\Users\eagle\MARG_research\third_party\PianistTransformer\data\midis\asap-dataset-master\Bach\Fugue\bwv_846\Shi05M.mid,asap_metadata_performance,up,59.557,59.598,40.99999999999682,Bach/Fugue/bwv_846/Shi05M.mid,Bach,Fugue_bwv_846,Bach/Fugue/bwv_846
C:\Users\eagle\MARG_research\third_party\PianistTransformer\data\midis\asap-dataset-master\Bach\Fugue\bwv_846\Shi05M.mid,asap_metadata_performance,down,59.715,59.751,35.99999999999426,Bach/Fugue/bwv_846/Shi05M.mid,Bach,Fugue_bwv_846,Bach/Fugue/bwv_846
C:\Users\eagle\MARG_research\third_party\PianistTransformer\data\midis\asap-dataset-master\Bach\Fugue\bwv_846\Shi05M.mid,asap_metadata_performance,up,60.323,60.334,11.000000000002785,Bach/Fugue/bwv_846/Shi05M.mid,Bach,Fugue_bwv_846,Bach/Fugue/bwv_846
C:\Users\eagle\MARG_research\third_party\PianistTransformer\data\midis\asap-dataset-master\Bach\Fugue\bwv_846\Shi05M.mid,asap_metadata_performance,down,60.938,60.995,56.999999999995055,Bach/Fugue/bwv_846/Shi05M.mid,Bach,Fugue_bwv_846,Bach/Fugue/bwv_846
C:\Users\eagle\MARG_research\third_party\PianistTransformer\data\midis\asap-dataset-master\Bach\Fugue\bwv_846\Shi05M.mid,asap_metadata_performance,up,61.341,61.376,34.99999999999659,Bach/Fugue/bwv_846/Shi05M.mid,Bach,Fugue_bwv_846,Bach/Fugue/bwv_846
C:\Users\eagle\MARG_research\third_party\PianistTransformer\data\midis\asap-dataset-master\Bach\Fugue\bwv_846\Shi05M.mid,asap_metadata_performance,down,61.44,61.464,24.00000000000091,Bach/Fugue/bwv_846/Shi05M.mid,Bach,Fugue_bwv_846,Bach/Fugue/bwv_846
C:\Users\eagle\MARG_research\third_party\PianistTransformer\data\midis\asap-dataset-master\Bach\Fugue\bwv_846\Shi05M.mid,asap_metadata_performance,up,61.996,62.005,9.000000000000341,Bach/Fugue/bwv_846/Shi05M.mid,Bach,Fugue_bwv_846,Bach/Fugue/bwv_846
C:\Users\eagle\MARG_research\third_party\PianistTransformer\data\midis\asap-dataset-master\Bach\Fugue\bwv_846\Shi05M.mid,asap_metadata_performance,down,62.135,62.188,53.00000000000438,Bach/Fugue/bwv_846/Shi05M.mid,Bach,Fugue_bwv_846,Bach/Fugue/bwv_846
C:\Users\eagle\MARG_research\third_party\PianistTransformer\data\midis\asap-dataset-master\Bach\Fugue\bwv_846\Shi05M.mid,asap_metadata_performance,up,62.737,62.767,30.000000000001137,Bach/Fugue/bwv_846/Shi05M.mid,Bach,Fugue_bwv_846,Bach/Fugue/bwv_846
C:\Users\eagle\MARG_research\third_party\PianistTransformer\data\midis\asap-dataset-master\Bach\Fugue\bwv_846\Shi05M.mid,asap_metadata_performance,down,62.977,63.0,23.00000000000324,Bach/Fugue/bwv_846/Shi05M.mid,Bach,Fugue_bwv_846,Bach/Fugue/bwv_846
C:\Users\eagle\MARG_research\third_party\PianistTransformer\data\midis\asap-dataset-master\Bach\Fugue\bwv_846\Shi05M.mid,asap_metadata_performance,up,63.424,63.459,35.000000000003695,Bach/Fugue/bwv_846/Shi05M.mid,Bach,Fugue_bwv_846,Bach/Fugue/bwv_846
C:\Users\eagle\MARG_research\third_party\PianistTransformer\data\midis\asap-dataset-master\Bach\Fugue\bwv_846\Shi05M.mid,asap_metadata_performance,down,63.582,63.629,46.999999999997044,Bach/Fugue/bwv_846/Shi05M.mid,Bach,Fugue_bwv_846,Bach/Fugue/bwv_846
C:\Users\eagle\MARG_research\third_party\PianistTransformer\data\midis\asap-dataset-master\Bach\Fugue\bwv_846\Shi05M.mid,asap_metadata_performance,up,64.194,64.242,48.00000000000182,Bach/Fugue/bwv_846/Shi05M.mid,Bach,Fugue_bwv_846,Bach/Fugue/bwv_846
C:\Users\eagle\MARG_research\third_party\PianistTransformer\data\midis\asap-dataset-master\Bach\Fugue\bwv_846\Shi05M.mid,asap_metadata_performance,down,64.443,64.534,91.00000000000819,Bach/Fugue/bwv_846/Shi05M.mid,Bach,Fugue_bwv_846,Bach/Fugue/bwv_846
C:\Users\eagle\MARG_research\third_party\PianistTransformer\data\midis\asap-dataset-master\Bach\Fugue\bwv_846\Shi05M.mid,asap_metadata_performance,up,65.195,65.278,83.00000000001262,Bach/Fugue/bwv_846/Shi05M.mid,Bach,Fugue_bwv_846,Bach/Fugue/bwv_846
C:\Users\eagle\MARG_research\third_party\PianistTransformer\data\midis\asap-dataset-master\Bach\Fugue\bwv_846\Shi05M.mid,asap_metadata_performance,down,70.695,70.695,0.0,Bach/Fugue/bwv_846/Shi05M.mid,Bach,Fugue_bwv_846,Bach/Fugue/bwv_846
C:\Users\eagle\MARG_research\third_party\PianistTransformer\data\midis\asap-dataset-master\Bach\Fugue\bwv_846\Shi05M.mid,asap_metadata_performance,up,71.337,71.366,28.999999999996362,Bach/Fugue/bwv_846/Shi05M.mid,Bach,Fugue_bwv_846,Bach/Fugue/bwv_846
C:\Users\eagle\MARG_research\third_party\PianistTransformer\data\midis\asap-dataset-master\Bach\Fugue\bwv_846\Shi05M.mid,asap_metadata_performance,down,73.34,73.461,120.99999999999511,Bach/Fugue/bwv_846/Shi05M.mid,Bach,Fugue_bwv_846,Bach/Fugue/bwv_846
C:\Users\eagle\MARG_research\third_party\PianistTransformer\data\midis\asap-dataset-master\Bach\Fugue\bwv_846\Shi05M.mid,asap_metadata_performance,up,73.835,73.866,31.00000000000591,Bach/Fugue/bwv_846/Shi05M.mid,Bach,Fugue_bwv_846,Bach/Fugue/bwv_846
C:\Users\eagle\MARG_research\third_party\PianistTransformer\data\midis\asap-dataset-master\Bach\Fugue\bwv_846\Shi05M.mid,asap_metadata_performance,down,73.893,73.943,49.99999999999716,Bach/Fugue/bwv_846/Shi05M.mid,Bach,Fugue_bwv_846,Bach/Fugue/bwv_846
C:\Users\eagle\MARG_research\third_party\PianistTransformer\data\midis\asap-dataset-master\Bach\Fugue\bwv_846\Shi05M.mid,asap_metadata_performance,up,74.439,74.536,97.00000000000841,Bach/Fugue/bwv_846/Shi05M.mid,Bach,Fugue_bwv_846,Bach/Fugue/bwv_846
C:\Users\eagle\MARG_research\third_party\PianistTransformer\data\midis\asap-dataset-master\Bach\Fugue\bwv_846\Shi05M.mid,asap_metadata_performance,down,75.15,75.17,19.99999999999602,Bach/Fugue/bwv_846/Shi05M.mid,Bach,Fugue_bwv_846,Bach/Fugue/bwv_846
C:\Users\eagle\MARG_research\third_party\PianistTransformer\data\midis\asap-dataset-master\Bach\Fugue\bwv_846\Shi05M.mid,asap_metadata_performance,up,76.359,76.399,40.00000000000625,Bach/Fugue/bwv_846/Shi05M.mid,Bach,Fugue_bwv_846,Bach/Fugue/bwv_846
C:\Users\eagle\MARG_research\third_party\PianistTransformer\data\midis\asap-dataset-master\Bach\Fugue\bwv_846\Shi05M.mid,asap_metadata_performance,down,76.458,76.472,13.999999999995794,Bach/Fugue/bwv_846/Shi05M.mid,Bach,Fugue_bwv_846,Bach/Fugue/bwv_846
C:\Users\eagle\MARG_research\third_party\PianistTransformer\data\midis\asap-dataset-master\Bach\Fugue\bwv_846\Shi05M.mid,asap_metadata_performance,up,76.993,77.029,36.000000000001364,Bach/Fugue/bwv_846/Shi05M.mid,Bach,Fugue_bwv_846,Bach/Fugue/bwv_846
C:\Users\eagle\MARG_research\third_party\PianistTransformer\data\midis\asap-dataset-master\Bach\Fugue\bwv_846\Shi05M.mid,asap_metadata_performance,down,77.171,77.244,72.99999999999329,Bach/Fugue/bwv_846/Shi05M.mid,Bach,Fugue_bwv_846,Bach/Fugue/bwv_846
C:\Users\eagle\MARG_research\third_party\PianistTransformer\data\midis\asap-dataset-master\Bach\Fugue\bwv_846\Shi05M.mid,asap_metadata_performance,up,77.577,77.63,52.99999999999727,Bach/Fugue/bwv_846/Shi05M.mid,Bach,Fugue_bwv_846,Bach/Fugue/bwv_846
C:\Users\eagle\MARG_research\third_party\PianistTransformer\data\midis\asap-dataset-master\Bach\Fugue\bwv_846\Shi05M.mid,asap_metadata_performance,down,78.26,78.273,12.999999999991019,Bach/Fugue/bwv_846/Shi05M.mid,Bach,Fugue_bwv_846,Bach/Fugue/bwv_846
C:\Users\eagle\MARG_research\third_party\PianistTransformer\data\midis\asap-dataset-master\Bach\Fugue\bwv_846\Shi05M.mid,asap_metadata_performance,up,79.439,79.576,137.00000000000045,Bach/Fugue/bwv_846/Shi05M.mid,Bach,Fugue_bwv_846,Bach/Fugue/bwv_846
C:\Users\eagle\MARG_research\third_party\PianistTransformer\data\midis\asap-dataset-master\Bach\Fugue\bwv_846\Shi05M.mid,asap_metadata_performance,down,79.577,79.732,155.00000000000114,Bach/Fugue/bwv_846/Shi05M.mid,Bach,Fugue_bwv_846,Bach/Fugue/bwv_846
C:\Users\eagle\MARG_research\third_party\PianistTransformer\data\midis\asap-dataset-master\Bach\Fugue\bwv_846\Shi05M.mid,asap_metadata_performance,up,80.033,80.042,9.000000000000341,Bach/Fugue/bwv_846/Shi05M.mid,Bach,Fugue_bwv_846,Bach/Fugue/bwv_846
C:\Users\eagle\MARG_research\third_party\PianistTransformer\data\midis\asap-dataset-master\Bach\Fugue\bwv_846\Shi05M.mid,asap_metadata_performance,down,80.133,80.142,9.000000000000341,Bach/Fugue/bwv_846/Shi05M.mid,Bach,Fugue_bwv_846,Bach/Fugue/bwv_846
C:\Users\eagle\MARG_research\third_party\PianistTransformer\data\midis\asap-dataset-master\Bach\Fugue\bwv_846\Shi05M.mid,asap_metadata_performance,up,80.677,80.677,0.0,Bach/Fugue/bwv_846/Shi05M.mid,Bach,Fugue_bwv_846,Bach/Fugue/bwv_846
C:\Users\eagle\MARG_research\third_party\PianistTransformer\data\midis\asap-dataset-master\Bach\Fugue\bwv_846\Shi05M.mid,asap_metadata_performance,down,80.895,80.998,103.00000000000864,Bach/Fugue/bwv_846/Shi05M.mid,Bach,Fugue_bwv_846,Bach/Fugue/bwv_846
C:\Users\eagle\MARG_research\third_party\PianistTransformer\data\midis\asap-dataset-master\Bach\Fugue\bwv_846\Shi05M.mid,asap_metadata_performance,up,81.374,81.401,27.000000000001023,Bach/Fugue/bwv_846/Shi05M.mid,Bach,Fugue_bwv_846,Bach/Fugue/bwv_846
C:\Users\eagle\MARG_research\third_party\PianistTransformer\data\midis\asap-dataset-master\Bach\Fugue\bwv_846\Shi05M.mid,asap_metadata_performance,down,81.492,81.556,63.99999999999295,Bach/Fugue/bwv_846/Shi05M.mid,Bach,Fugue_bwv_846,Bach/Fugue/bwv_846
C:\Users\eagle\MARG_research\third_party\PianistTransformer\data\midis\asap-dataset-master\Bach\Fugue\bwv_846\Shi05M.mid,asap_metadata_performance,up,81.967,82.117,150.00000000000568,Bach/Fugue/bwv_846/Shi05M.mid,Bach,Fugue_bwv_846,Bach/Fugue/bwv_846
C:\Users\eagle\MARG_research\third_party\PianistTransformer\data\midis\asap-dataset-master\Bach\Fugue\bwv_846\Shi05M.mid,asap_metadata_performance,down,82.164,82.286,121.99999999999989,Bach/Fugue/bwv_846/Shi05M.mid,Bach,Fugue_bwv_846,Bach/Fugue/bwv_846
C:\Users\eagle\MARG_research\third_party\PianistTransformer\data\midis\asap-dataset-master\Bach\Fugue\bwv_846\Shi05M.mid,asap_metadata_performance,up,83.65,83.704,53.999999999987836,Bach/Fugue/bwv_846/Shi05M.mid,Bach,Fugue_bwv_846,Bach/Fugue/bwv_846
C:\Users\eagle\MARG_research\third_party\PianistTransformer\data\midis\asap-dataset-master\Bach\Fugue\bwv_846\Shi05M.mid,asap_metadata_performance,down,83.809,83.822,13.00000000000523,Bach/Fugue/bwv_846/Shi05M.mid,Bach,Fugue_bwv_846,Bach/Fugue/bwv_846
C:\Users\eagle\MARG_research\third_party\PianistTransformer\data\midis\asap-dataset-master\Bach\Fugue\bwv_846\Shi05M.mid,asap_metadata_performance,up,84.969,84.99,21.000000000000796,Bach/Fugue/bwv_846/Shi05M.mid,Bach,Fugue_bwv_846,Bach/Fugue/bwv_846
C:\Users\eagle\MARG_research\third_party\PianistTransformer\data\midis\asap-dataset-master\Bach\Fugue\bwv_846\Shi05M.mid,asap_metadata_performance,down,85.107,85.144,37.00000000000614,Bach/Fugue/bwv_846/Shi05M.mid,Bach,Fugue_bwv_846,Bach/Fugue/bwv_846
C:\Users\eagle\MARG_research\third_party\PianistTransformer\data\midis\asap-dataset-master\Bach\Fugue\bwv_846\Shi05M.mid,asap_metadata_performance,up,85.634,85.706,72.00000000000273,Bach/Fugue/bwv_846/Shi05M.mid,Bach,Fugue_bwv_846,Bach/Fugue/bwv_846
C:\Users\eagle\MARG_research\third_party\PianistTransformer\data\midis\asap-dataset-master\Bach\Fugue\bwv_846\Shi05M.mid,asap_metadata_performance,down,85.792,85.857,64.99999999999773,Bach/Fugue/bwv_846/Shi05M.mid,Bach,Fugue_bwv_846,Bach/Fugue/bwv_846
C:\Users\eagle\MARG_research\third_party\PianistTransformer\data\midis\asap-dataset-master\Bach\Fugue\bwv_846\Shi05M.mid,asap_metadata_performance,up,86.296,86.372,75.9999999999934,Bach/Fugue/bwv_846/Shi05M.mid,Bach,Fugue_bwv_846,Bach/Fugue/bwv_846
C:\Users\eagle\MARG_research\third_party\PianistTransformer\data\midis\asap-dataset-master\Bach\Fugue\bwv_846\Shi05M.mid,asap_metadata_performance,down,86.495,86.544,48.99999999999238,Bach/Fugue/bwv_846/Shi05M.mid,Bach,Fugue_bwv_846,Bach/Fugue/bwv_846
C:\Users\eagle\MARG_research\third_party\PianistTransformer\data\midis\asap-dataset-master\Bach\Fugue\bwv_846\Shi05M.mid,asap_metadata_performance,up,87.634,87.645,10.99999999999568,Bach/Fugue/bwv_846/Shi05M.mid,Bach,Fugue_bwv_846,Bach/Fugue/bwv_846
C:\Users\eagle\MARG_research\third_party\PianistTransformer\data\midis\asap-dataset-master\Bach\Fugue\bwv_846\Shi05M.mid,asap_metadata_performance,down,87.712,87.724,12.000000000000455,Bach/Fugue/bwv_846/Shi05M.mid,Bach,Fugue_bwv_846,Bach/Fugue/bwv_846
C:\Users\eagle\MARG_research\third_party\PianistTransformer\data\midis\asap-dataset-master\Bach\Fugue\bwv_846\Shi05M.mid,asap_metadata_performance,up,88.23,88.277,46.999999999997044,Bach/Fugue/bwv_846/Shi05M.mid,Bach,Fugue_bwv_846,Bach/Fugue/bwv_846
C:\Users\eagle\MARG_research\third_party\PianistTransformer\data\midis\asap-dataset-master\Bach\Fugue\bwv_846\Shi05M.mid,asap_metadata_performance,down,88.319,88.351,31.999999999996476,Bach/Fugue/bwv_846/Shi05M.mid,Bach,Fugue_bwv_846,Bach/Fugue/bwv_846
C:\Users\eagle\MARG_research\third_party\PianistTransformer\data\midis\asap-dataset-master\Bach\Fugue\bwv_846\Shi05M.mid,asap_metadata_performance,up,88.874,88.88,6.000000000000227,Bach/Fugue/bwv_846/Shi05M.mid,Bach,Fugue_bwv_846,Bach/Fugue/bwv_846
C:\Users\eagle\MARG_research\third_party\PianistTransformer\data\midis\asap-dataset-master\Bach\Fugue\bwv_846\Shi05M.mid,asap_metadata_performance,down,88.973,89.03,57.00000000000216,Bach/Fugue/bwv_846/Shi05M.mid,Bach,Fugue_bwv_846,Bach/Fugue/bwv_846
C:\Users\eagle\MARG_research\third_party\PianistTransformer\data\midis\asap-dataset-master\Bach\Fugue\bwv_846\Shi05M.mid,asap_metadata_performance,up,89.576,89.586,10.000000000005116,Bach/Fugue/bwv_846/Shi05M.mid,Bach,Fugue_bwv_846,Bach/Fugue/bwv_846
C:\Users\eagle\MARG_research\third_party\PianistTransformer\data\midis\asap-dataset-master\Bach\Fugue\bwv_846\Shi05M.mid,asap_metadata_performance,down,89.953,90.016,63.00000000000239,Bach/Fugue/bwv_846/Shi05M.mid,Bach,Fugue_bwv_846,Bach/Fugue/bwv_846
C:\Users\eagle\MARG_research\third_party\PianistTransformer\data\midis\asap-dataset-master\Bach\Fugue\bwv_846\Shi05M.mid,asap_metadata_performance,up,90.637,90.64,3.0000000000001137,Bach/Fugue/bwv_846/Shi05M.mid,Bach,Fugue_bwv_846,Bach/Fugue/bwv_846
C:\Users\eagle\MARG_research\third_party\PianistTransformer\data\midis\asap-dataset-master\Bach\Fugue\bwv_846\Shi05M.mid,asap_metadata_performance,down,90.695,90.698,3.0000000000001137,Bach/Fugue/bwv_846/Shi05M.mid,Bach,Fugue_bwv_846,Bach/Fugue/bwv_846
C:\Users\eagle\MARG_research\third_party\PianistTransformer\data\midis\asap-dataset-master\Bach\Fugue\bwv_846\Shi05M.mid,asap_metadata_performance,up,91.359,91.38,21.000000000000796,Bach/Fugue/bwv_846/Shi05M.mid,Bach,Fugue_bwv_846,Bach/Fugue/bwv_846
C:\Users\eagle\MARG_research\third_party\PianistTransformer\data\midis\asap-dataset-master\Bach\Fugue\bwv_846\Shi05M.mid,asap_metadata_performance,down,92.734,92.765,31.00000000000591,Bach/Fugue/bwv_846/Shi05M.mid,Bach,Fugue_bwv_846,Bach/Fugue/bwv_846
C:\Users\eagle\MARG_research\third_party\PianistTransformer\data\midis\asap-dataset-master\Bach\Fugue\bwv_846\Shi05M.mid,asap_metadata_performance,up,93.44,93.481,40.99999999999682,Bach/Fugue/bwv_846/Shi05M.mid,Bach,Fugue_bwv_846,Bach/Fugue/bwv_846
C:\Users\eagle\MARG_research\third_party\PianistTransformer\data\midis\asap-dataset-master\Bach\Fugue\bwv_846\Shi05M.mid,asap_metadata_performance,down,93.598,93.711,112.99999999999955,Bach/Fugue/bwv_846/Shi05M.mid,Bach,Fugue_bwv_846,Bach/Fugue/bwv_846
C:\Users\eagle\MARG_research\third_party\PianistTransformer\data\midis\asap-dataset-master\Bach\Fugue\bwv_846\Shi05M.mid,asap_metadata_performance,up,94.617,94.82,202.99999999998875,Bach/Fugue/bwv_846/Shi05M.mid,Bach,Fugue_bwv_846,Bach/Fugue/bwv_846
C:\Users\eagle\MARG_research\third_party\PianistTransformer\data\midis\asap-dataset-master\Bach\Fugue\bwv_846\Shi05M.mid,asap_metadata_performance,down,95.28,95.322,42.00000000000159,Bach/Fugue/bwv_846/Shi05M.mid,Bach,Fugue_bwv_846,Bach/Fugue/bwv_846
C:\Users\eagle\MARG_research\third_party\PianistTransformer\data\midis\asap-dataset-master\Bach\Fugue\bwv_846\Shi05M.mid,asap_metadata_performance,up,95.893,96.01,117.00000000000443,Bach/Fugue/bwv_846/Shi05M.mid,Bach,Fugue_bwv_846,Bach/Fugue/bwv_846
C:\Users\eagle\MARG_research\third_party\PianistTransformer\data\midis\asap-dataset-master\Bach\Fugue\bwv_846\Shi05M.mid,asap_metadata_performance,down,96.012,96.174,162.00000000000614,Bach/Fugue/bwv_846/Shi05M.mid,Bach,Fugue_bwv_846,Bach/Fugue/bwv_846
C:\Users\eagle\MARG_research\third_party\PianistTransformer\data\midis\asap-dataset-master\Bach\Fugue\bwv_846\Shi05M.mid,asap_metadata_performance,up,96.538,96.581,43.00000000000637,Bach/Fugue/bwv_846/Shi05M.mid,Bach,Fugue_bwv_846,Bach/Fugue/bwv_846
C:\Users\eagle\MARG_research\third_party\PianistTransformer\data\midis\asap-dataset-master\Bach\Fugue\bwv_846\Shi05M.mid,asap_metadata_performance,down,96.596,96.66,63.99999999999295,Bach/Fugue/bwv_846/Shi05M.mid,Bach,Fugue_bwv_846,Bach/Fugue/bwv_846
C:\Users\eagle\MARG_research\third_party\PianistTransformer\data\midis\asap-dataset-master\Bach\Fugue\bwv_846\Shi05M.mid,asap_metadata_performance,up,97.13,97.162,32.00000000001069,Bach/Fugue/bwv_846/Shi05M.mid,Bach,Fugue_bwv_846,Bach/Fugue/bwv_846
C:\Users\eagle\MARG_research\third_party\PianistTransformer\data\midis\asap-dataset-master\Bach\Fugue\bwv_846\Shi05M.mid,asap_metadata_performance,down,97.26,97.324,63.99999999999295,Bach/Fugue/bwv_846/Shi05M.mid,Bach,Fugue_bwv_846,Bach/Fugue/bwv_846
C:\Users\eagle\MARG_research\third_party\PianistTransformer\data\midis\asap-dataset-master\Bach\Fugue\bwv_846\Shi05M.mid,asap_metadata_performance,up,97.755,97.767,12.000000000000455,Bach/Fugue/bwv_846/Shi05M.mid,Bach,Fugue_bwv_846,Bach/Fugue/bwv_846
C:\Users\eagle\MARG_research\third_party\PianistTransformer\data\midis\asap-dataset-master\Bach\Fugue\bwv_846\Shi05M.mid,asap_metadata_performance,down,97.815,97.84,25.000000000005684,Bach/Fugue/bwv_846/Shi05M.mid,Bach,Fugue_bwv_846,Bach/Fugue/bwv_846
C:\Users\eagle\MARG_research\third_party\PianistTransformer\data\midis\asap-dataset-master\Bach\Fugue\bwv_846\Shi05M.mid,asap_metadata_performance,up,98.208,98.21,1.9999999999953388,Bach/Fugue/bwv_846/Shi05M.mid,Bach,Fugue_bwv_846,Bach/Fugue/bwv_846
C:\Users\eagle\MARG_research\third_party\PianistTransformer\data\midis\asap-dataset-master\Bach\Fugue\bwv_846\Shi05M.mid,asap_metadata_performance,down,98.376,98.388,12.000000000000455,Bach/Fugue/bwv_846/Shi05M.mid,Bach,Fugue_bwv_846,Bach/Fugue/bwv_846
C:\Users\eagle\MARG_research\third_party\PianistTransformer\data\midis\asap-dataset-master\Bach\Fugue\bwv_846\Shi05M.mid,asap_metadata_performance,up,98.99,98.99,0.0,Bach/Fugue/bwv_846/Shi05M.mid,Bach,Fugue_bwv_846,Bach/Fugue/bwv_846
C:\Users\eagle\MARG_research\third_party\PianistTransformer\data\midis\asap-dataset-master\Bach\Fugue\bwv_846\Shi05M.mid,asap_metadata_performance,down,99.674,99.734,59.99999999998806,Bach/Fugue/bwv_846/Shi05M.mid,Bach,Fugue_bwv_846,Bach/Fugue/bwv_846
C:\Users\eagle\MARG_research\third_party\PianistTransformer\data\midis\asap-dataset-master\Bach\Fugue\bwv_846\Shi05M.mid,asap_metadata_performance,up,100.228,100.298,70.00000000000739,Bach/Fugue/bwv_846/Shi05M.mid,Bach,Fugue_bwv_846,Bach/Fugue/bwv_846
C:\Users\eagle\MARG_research\third_party\PianistTransformer\data\midis\asap-dataset-master\Bach\Fugue\bwv_846\Shi05M.mid,asap_metadata_performance,down,100.336,100.376,40.00000000000625,Bach/Fugue/bwv_846/Shi05M.mid,Bach,Fugue_bwv_846,Bach/Fugue/bwv_846
C:\Users\eagle\MARG_research\third_party\PianistTransformer\data\midis\asap-dataset-master\Bach\Fugue\bwv_846\Shi05M.mid,asap_metadata_performance,up,100.875,100.93,55.00000000000682,Bach/Fugue/bwv_846/Shi05M.mid,Bach,Fugue_bwv_846,Bach/Fugue/bwv_846
C:\Users\eagle\MARG_research\third_party\PianistTransformer\data\midis\asap-dataset-master\Bach\Fugue\bwv_846\Shi05M.mid,asap_metadata_performance,down,100.993,101.008,15.000000000000568,Bach/Fugue/bwv_846/Shi05M.mid,Bach,Fugue_bwv_846,Bach/Fugue/bwv_846
C:\Users\eagle\MARG_research\third_party\PianistTransformer\data\midis\asap-dataset-master\Bach\Fugue\bwv_846\Shi05M.mid,asap_metadata_performance,up,101.518,101.527,9.000000000000341,Bach/Fugue/bwv_846/Shi05M.mid,Bach,Fugue_bwv_846,Bach/Fugue/bwv_846
C:\Users\eagle\MARG_research\third_party\PianistTransformer\data\midis\asap-dataset-master\Bach\Fugue\bwv_846\Shi05M.mid,asap_metadata_performance,down,101.695,101.753,58.000000000006935,Bach/Fugue/bwv_846/Shi05M.mid,Bach,Fugue_bwv_846,Bach/Fugue/bwv_846
C:\Users\eagle\MARG_research\third_party\PianistTransformer\data\midis\asap-dataset-master\Bach\Fugue\bwv_846\Shi05M.mid,asap_metadata_performance,up,102.111,102.117,6.000000000000227,Bach/Fugue/bwv_846/Shi05M.mid,Bach,Fugue_bwv_846,Bach/Fugue/bwv_846
C:\Users\eagle\MARG_research\third_party\PianistTransformer\data\midis\asap-dataset-master\Bach\Fugue\bwv_846\Shi05M.mid,asap_metadata_performance,down,102.13,102.183,53.00000000001148,Bach/Fugue/bwv_846/Shi05M.mid,Bach,Fugue_bwv_846,Bach/Fugue/bwv_846
C:\Users\eagle\MARG_research\third_party\PianistTransformer\data\midis\asap-dataset-master\Bach\Fugue\bwv_846\Shi05M.mid,asap_metadata_performance,up,102.659,102.701,41.99999999998738,Bach/Fugue/bwv_846/Shi05M.mid,Bach,Fugue_bwv_846,Bach/Fugue/bwv_846
C:\Users\eagle\MARG_research\third_party\PianistTransformer\data\midis\asap-dataset-master\Bach\Fugue\bwv_846\Shi05M.mid,asap_metadata_performance,down,102.758,102.772,14.000000000010004,Bach/Fugue/bwv_846/Shi05M.mid,Bach,Fugue_bwv_846,Bach/Fugue/bwv_846
C:\Users\eagle\MARG_research\third_party\PianistTransformer\data\midis\asap-dataset-master\Bach\Fugue\bwv_846\Shi05M.mid,asap_metadata_performance,up,103.283,103.316,33.00000000000125,Bach/Fugue/bwv_846/Shi05M.mid,Bach,Fugue_bwv_846,Bach/Fugue/bwv_846
C:\Users\eagle\MARG_research\third_party\PianistTransformer\data\midis\asap-dataset-master\Bach\Fugue\bwv_846\Shi05M.mid,asap_metadata_performance,down,103.421,103.453,31.999999999996476,Bach/Fugue/bwv_846/Shi05M.mid,Bach,Fugue_bwv_846,Bach/Fugue/bwv_846
C:\Users\eagle\MARG_research\third_party\PianistTransformer\data\midis\asap-dataset-master\Bach\Fugue\bwv_846\Shi05M.mid,asap_metadata_performance,up,103.836,103.886,49.99999999999716,Bach/Fugue/bwv_846/Shi05M.mid,Bach,Fugue_bwv_846,Bach/Fugue/bwv_846
C:\Users\eagle\MARG_research\third_party\PianistTransformer\data\midis\asap-dataset-master\Bach\Fugue\bwv_846\Shi05M.mid,asap_metadata_performance,down,103.917,103.96,42.999999999992156,Bach/Fugue/bwv_846/Shi05M.mid,Bach,Fugue_bwv_846,Bach/Fugue/bwv_846
C:\Users\eagle\MARG_research\third_party\PianistTransformer\data\midis\asap-dataset-master\Bach\Fugue\bwv_846\Shi05M.mid,asap_metadata_performance,up,104.418,104.418,0.0,Bach/Fugue/bwv_846/Shi05M.mid,Bach,Fugue_bwv_846,Bach/Fugue/bwv_846
C:\Users\eagle\MARG_research\third_party\PianistTransformer\data\midis\asap-dataset-master\Bach\Fugue\bwv_846\Shi05M.mid,asap_metadata_performance,down,104.596,104.647,51.00000000000193,Bach/Fugue/bwv_846/Shi05M.mid,Bach,Fugue_bwv_846,Bach/Fugue/bwv_846
C:\Users\eagle\MARG_research\third_party\PianistTransformer\data\midis\asap-dataset-master\Bach\Fugue\bwv_846\Shi05M.mid,asap_metadata_performance,up,105.112,105.113,1.0000000000047748,Bach/Fugue/bwv_846/Shi05M.mid,Bach,Fugue_bwv_846,Bach/Fugue/bwv_846
C:\Users\eagle\MARG_research\third_party\PianistTransformer\data\midis\asap-dataset-master\Bach\Fugue\bwv_846\Shi05M.mid,asap_metadata_performance,down,105.211,105.26,49.000000000006594,Bach/Fugue/bwv_846/Shi05M.mid,Bach,Fugue_bwv_846,Bach/Fugue/bwv_846
C:\Users\eagle\MARG_research\third_party\PianistTransformer\data\midis\asap-dataset-master\Bach\Fugue\bwv_846\Shi05M.mid,asap_metadata_performance,up,105.674,105.708,33.999999999991815,Bach/Fugue/bwv_846/Shi05M.mid,Bach,Fugue_bwv_846,Bach/Fugue/bwv_846
C:\Users\eagle\MARG_research\third_party\PianistTransformer\data\midis\asap-dataset-master\Bach\Fugue\bwv_846\Shi05M.mid,asap_metadata_performance,down,105.815,105.859,43.99999999999693,Bach/Fugue/bwv_846/Shi05M.mid,Bach,Fugue_bwv_846,Bach/Fugue/bwv_846
C:\Users\eagle\MARG_research\third_party\PianistTransformer\data\midis\asap-dataset-master\Bach\Fugue\bwv_846\Shi05M.mid,asap_metadata_performance,up,106.32,106.345,25.000000000005684,Bach/Fugue/bwv_846/Shi05M.mid,Bach,Fugue_bwv_846,Bach/Fugue/bwv_846
C:\Users\eagle\MARG_research\third_party\PianistTransformer\data\midis\asap-dataset-master\Bach\Fugue\bwv_846\Shi05M.mid,asap_metadata_performance,down,106.458,106.488,30.000000000001137,Bach/Fugue/bwv_846/Shi05M.mid,Bach,Fugue_bwv_846,Bach/Fugue/bwv_846
C:\Users\eagle\MARG_research\third_party\PianistTransformer\data\midis\asap-dataset-master\Bach\Fugue\bwv_846\Shi05M.mid,asap_metadata_performance,up,106.914,106.98,66.0000000000025,Bach/Fugue/bwv_846/Shi05M.mid,Bach,Fugue_bwv_846,Bach/Fugue/bwv_846
C:\Users\eagle\MARG_research\third_party\PianistTransformer\data\midis\asap-dataset-master\Bach\Fugue\bwv_846\Shi05M.mid,asap_metadata_performance,down,107.15,107.233,82.99999999999841,Bach/Fugue/bwv_846/Shi05M.mid,Bach,Fugue_bwv_846,Bach/Fugue/bwv_846
C:\Users\eagle\MARG_research\third_party\PianistTransformer\data\midis\asap-dataset-master\Bach\Fugue\bwv_846\Shi05M.mid,asap_metadata_performance,up,108.109,108.177,68.00000000001205,Bach/Fugue/bwv_846/Shi05M.mid,Bach,Fugue_bwv_846,Bach/Fugue/bwv_846
C:\Users\eagle\MARG_research\third_party\PianistTransformer\data\midis\asap-dataset-master\Bach\Fugue\bwv_846\Shi05M.mid,asap_metadata_performance,down,108.228,108.256,28.000000000005798,Bach/Fugue/bwv_846/Shi05M.mid,Bach,Fugue_bwv_846,Bach/Fugue/bwv_846
C:\Users\eagle\MARG_research\third_party\PianistTransformer\data\midis\asap-dataset-master\Bach\Fugue\bwv_846\Shi05M.mid,asap_metadata_performance,up,108.792,108.821,28.999999999996362,Bach/Fugue/bwv_846/Shi05M.mid,Bach,Fugue_bwv_846,Bach/Fugue/bwv_846
C:\Users\eagle\MARG_research\third_party\PianistTransformer\data\midis\asap-dataset-master\Bach\Fugue\bwv_846\Shi05M.mid,asap_metadata_performance,down,108.85,108.896,46.00000000000648,Bach/Fugue/bwv_846/Shi05M.mid,Bach,Fugue_bwv_846,Bach/Fugue/bwv_846
C:\Users\eagle\MARG_research\third_party\PianistTransformer\data\midis\asap-dataset-master\Bach\Fugue\bwv_846\Shi05M.mid,asap_metadata_performance,up,109.495,109.539,43.99999999999693,Bach/Fugue/bwv_846/Shi05M.mid,Bach,Fugue_bwv_846,Bach/Fugue/bwv_846
C:\Users\eagle\MARG_research\third_party\PianistTransformer\data\midis\asap-dataset-master\Bach\Fugue\bwv_846\Shi05M.mid,asap_metadata_performance,down,109.652,109.693,40.99999999999682,Bach/Fugue/bwv_846/Shi05M.mid,Bach,Fugue_bwv_846,Bach/Fugue/bwv_846
C:\Users\eagle\MARG_research\third_party\PianistTransformer\data\midis\asap-dataset-master\Bach\Fugue\bwv_846\Shi05M.mid,asap_metadata_performance,up,110.07,110.113,43.00000000000637,Bach/Fugue/bwv_846/Shi05M.mid,Bach,Fugue_bwv_846,Bach/Fugue/bwv_846
C:\Users\eagle\MARG_research\third_party\PianistTransformer\data\midis\asap-dataset-master\Bach\Fugue\bwv_846\Shi05M.mid,asap_metadata_performance,down,110.148,110.196,48.00000000000182,Bach/Fugue/bwv_846/Shi05M.mid,Bach,Fugue_bwv_846,Bach/Fugue/bwv_846
C:\Users\eagle\MARG_research\third_party\PianistTransformer\data\midis\asap-dataset-master\Bach\Fugue\bwv_846\Shi05M.mid,asap_metadata_performance,up,110.753,110.776,22.999999999996135,Bach/Fugue/bwv_846/Shi05M.mid,Bach,Fugue_bwv_846,Bach/Fugue/bwv_846
C:\Users\eagle\MARG_research\third_party\PianistTransformer\data\midis\asap-dataset-master\Bach\Fugue\bwv_846\Shi05M.mid,asap_metadata_performance,down,110.891,110.933,42.00000000000159,Bach/Fugue/bwv_846/Shi05M.mid,Bach,Fugue_bwv_846,Bach/Fugue/bwv_846
C:\Users\eagle\MARG_research\third_party\PianistTransformer\data\midis\asap-dataset-master\Bach\Fugue\bwv_846\Shi05M.mid,asap_metadata_performance,up,111.357,111.394,37.00000000000614,Bach/Fugue/bwv_846/Shi05M.mid,Bach,Fugue_bwv_846,Bach/Fugue/bwv_846
C:\Users\eagle\MARG_research\third_party\PianistTransformer\data\midis\asap-dataset-master\Bach\Fugue\bwv_846\Shi05M.mid,asap_metadata_performance,down,111.436,111.465,28.999999999996362,Bach/Fugue/bwv_846/Shi05M.mid,Bach,Fugue_bwv_846,Bach/Fugue/bwv_846
C:\Users\eagle\MARG_research\third_party\PianistTransformer\data\midis\asap-dataset-master\Bach\Fugue\bwv_846\Shi05M.mid,asap_metadata_performance,up,111.956,112.006,49.99999999999716,Bach/Fugue/bwv_846/Shi05M.mid,Bach,Fugue_bwv_846,Bach/Fugue/bwv_846
C:\Users\eagle\MARG_research\third_party\PianistTransformer\data\midis\asap-dataset-master\Bach\Fugue\bwv_846\Shi05M.mid,asap_metadata_performance,down,112.035,112.059,24.00000000000091,Bach/Fugue/bwv_846/Shi05M.mid,Bach,Fugue_bwv_846,Bach/Fugue/bwv_846
C:\Users\eagle\MARG_research\third_party\PianistTransformer\data\midis\asap-dataset-master\Bach\Fugue\bwv_846\Shi05M.mid,asap_metadata_performance,up,113.328,113.354,25.99999999999625,Bach/Fugue/bwv_846/Shi05M.mid,Bach,Fugue_bwv_846,Bach/Fugue/bwv_846
C:\Users\eagle\MARG_research\third_party\PianistTransformer\data\midis\asap-dataset-master\Bach\Fugue\bwv_846\Shi05M.mid,asap_metadata_performance,down,113.406,113.442,35.99999999998715,Bach/Fugue/bwv_846/Shi05M.mid,Bach,Fugue_bwv_846,Bach/Fugue/bwv_846
C:\Users\eagle\MARG_research\third_party\PianistTransformer\data\midis\asap-dataset-master\Bach\Fugue\bwv_846\Shi05M.mid,asap_metadata_performance,up,113.921,113.932,10.99999999999568,Bach/Fugue/bwv_846/Shi05M.mid,Bach,Fugue_bwv_846,Bach/Fugue/bwv_846
C:\Users\eagle\MARG_research\third_party\PianistTransformer\data\midis\asap-dataset-master\Bach\Fugue\bwv_846\Shi05M.mid,asap_metadata_performance,down,114.798,114.82,21.99999999999136,Bach/Fugue/bwv_846/Shi05M.mid,Bach,Fugue_bwv_846,Bach/Fugue/bwv_846
C:\Users\eagle\MARG_research\third_party\PianistTransformer\data\midis\asap-dataset-master\Bach\Fugue\bwv_846\Shi05M.mid,asap_metadata_performance,up,115.324,115.372,48.00000000000182,Bach/Fugue/bwv_846/Shi05M.mid,Bach,Fugue_bwv_846,Bach/Fugue/bwv_846
C:\Users\eagle\MARG_research\third_party\PianistTransformer\data\midis\asap-dataset-master\Bach\Fugue\bwv_846\Shi05M.mid,asap_metadata_performance,down,117.193,117.353,159.9999999999966,Bach/Fugue/bwv_846/Shi05M.mid,Bach,Fugue_bwv_846,Bach/Fugue/bwv_846
C:\Users\eagle\MARG_research\third_party\PianistTransformer\data\midis\asap-dataset-master\Bach\Fugue\bwv_846\Shi05M.mid,asap_metadata_performance,up,117.993,118.098,105.00000000000398,Bach/Fugue/bwv_846/Shi05M.mid,Bach,Fugue_bwv_846,Bach/Fugue/bwv_846
C:\Users\eagle\MARG_research\third_party\PianistTransformer\data\midis\asap-dataset-master\Bach\Fugue\bwv_846\Shi05M.mid,asap_metadata_performance,down,118.232,118.362,129.99999999999545,Bach/Fugue/bwv_846/Shi05M.mid,Bach,Fugue_bwv_846,Bach/Fugue/bwv_846
C:\Users\eagle\MARG_research\third_party\PianistTransformer\data\midis\asap-dataset-master\Bach\Fugue\bwv_846\Shi05M.mid,asap_metadata_performance,up,119.811,119.968,156.99999999999648,Bach/Fugue/bwv_846/Shi05M.mid,Bach,Fugue_bwv_846,Bach/Fugue/bwv_846
C:\Users\eagle\MARG_research\third_party\PianistTransformer\data\midis\asap-dataset-master\Bach\Fugue\bwv_846\Shi05M.mid,asap_metadata_performance,down,124.755,124.757,2.0000000000095497,Bach/Fugue/bwv_846/Shi05M.mid,Bach,Fugue_bwv_846,Bach/Fugue/bwv_846
C:\Users\eagle\MARG_research\third_party\PianistTransformer\data\midis\asap-dataset-master\Bach\Fugue\bwv_846\Shi05M.mid,asap_metadata_performance,up,124.974,124.978,3.9999999999906777,Bach/Fugue/bwv_846/Shi05M.mid,Bach,Fugue_bwv_846,Bach/Fugue/bwv_846
C:\Users\eagle\MARG_research\third_party\PianistTransformer\data\midis\asap-dataset-master\Bach\Fugue\bwv_846\Shi05M.mid,asap_metadata_performance,down,126.32,126.395,75.00000000000284,Bach/Fugue/bwv_846/Shi05M.mid,Bach,Fugue_bwv_846,Bach/Fugue/bwv_846
C:\Users\eagle\MARG_research\third_party\PianistTransformer\data\midis\asap-dataset-master\Bach\Fugue\bwv_846\Shi05M.mid,asap_metadata_performance,up,127.173,127.238,64.99999999999773,Bach/Fugue/bwv_846/Shi05M.mid,Bach,Fugue_bwv_846,Bach/Fugue/bwv_846
C:\Users\eagle\MARG_research\third_party\PianistTransformer\data\midis\asap-dataset-master\Bach\Fugue\bwv_846\Shi05M.mid,asap_metadata_performance,down,128.755,128.828,73.0000000000075,Bach/Fugue/bwv_846/Shi05M.mid,Bach,Fugue_bwv_846,Bach/Fugue/bwv_846
C:\Users\eagle\MARG_research\third_party\PianistTransformer\data\midis\asap-dataset-master\Bach\Fugue\bwv_846\Shi05M.mid,asap_metadata_performance,up,129.34,129.388,48.00000000000182,Bach/Fugue/bwv_846/Shi05M.mid,Bach,Fugue_bwv_846,Bach/Fugue/bwv_846
C:\Users\eagle\MARG_research\third_party\PianistTransformer\data\midis\asap-dataset-master\Bach\Fugue\bwv_846\Shi05M.mid,asap_metadata_performance,down,135.458,135.508,50.00000000001137,Bach/Fugue/bwv_846/Shi05M.mid,Bach,Fugue_bwv_846,Bach/Fugue/bwv_846
C:\Users\eagle\MARG_research\third_party\PianistTransformer\data\midis\asap-dataset-master\Bach\Fugue\bwv_846\Shi05M.mid,asap_metadata_performance,up,136.38,136.391,10.99999999999568,Bach/Fugue/bwv_846/Shi05M.mid,Bach,Fugue_bwv_846,Bach/Fugue/bwv_846
C:\Users\eagle\MARG_research\third_party\PianistTransformer\data\midis\asap-dataset-master\Bach\Fugue\bwv_846\Shi05M.mid,asap_metadata_performance,down,139.914,140.074,160.000000000025,Bach/Fugue/bwv_846/Shi05M.mid,Bach,Fugue_bwv_846,Bach/Fugue/bwv_846
